-5.5,1.2012e-05
-5.5,1.8018e-05
-5.5,2.6026e-05
-5.5,1.4014e-05
-5.5,1.2012e-05
-5.5,2.4024e-05
-5.5,1.8018e-05
-5.5,1.2012e-05
-5.5,2.8028e-05
-5.5,2.4024e-05
-5.49,1.4014e-05
-5.49,1.8018e-05
-5.49,1.4014e-05
-5.49,3.003e-05
-5.49,1.001e-05
-5.49,2.4024e-05
-5.49,1.6016e-05
-5.49,1.6016e-05
-5.49,8.00801e-06
-5.49,1.6016e-05
-5.48,1.6016e-05
-5.48,1.001e-05
-5.48,2.2022e-05
-5.48,1.4014e-05
-5.48,1.6016e-05
-5.48,2.8028e-05
-5.48,1.6016e-05
-5.48,1.8018e-05
-5.48,1.6016e-05
-5.48,2.2022e-05
-5.47,1.2012e-05
-5.47,2.002e-05
-5.47,1.8018e-05
-5.47,2.8028e-05
-5.47,2.6026e-05
-5.47,2.2022e-05
-5.47,1.4014e-05
-5.47,2.002e-05
-5.47,2.002e-05
-5.47,1.4014e-05
-5.46,1.6016e-05
-5.46,1.4014e-05
-5.46,8.00801e-06
-5.46,2.4024e-05
-5.46,2.002e-05
-5.46,2.2022e-05
-5.46,2.8028e-05
-5.46,2.4024e-05
-5.46,2.2022e-05
-5.46,2.4024e-05
-5.45,1.8018e-05
-5.45,2.4024e-05
-5.45,2.6026e-05
-5.45,1.6016e-05
-5.45,3.2032e-05
-5.45,1.8018e-05
-5.45,1.2012e-05
-5.45,2.002e-05
-5.45,1.6016e-05
-5.45,8.00801e-06
-5.44,1.6016e-05
-5.44,1.2012e-05
-5.44,1.4014e-05
-5.44,1.2012e-05
-5.44,1.001e-05
-5.44,1.001e-05
-5.44,2.2022e-05
-5.44,1.4014e-05
-5.44,2.2022e-05
-5.44,1.2012e-05
-5.43,2.002e-05
-5.43,2.002e-05
-5.43,3.2032e-05
-5.43,1.8018e-05
-5.43,2.002e-05
-5.43,1.6016e-05
-5.43,1.4014e-05
-5.43,6.00601e-06
-5.43,1.6016e-05
-5.43,2.4024e-05
-5.42,2.002e-05
-5.42,2.2022e-05
-5.42,8.00801e-06
-5.42,2.6026e-05
-5.42,1.4014e-05
-5.42,1.8018e-05
-5.42,2.2022e-05
-5.42,2.2022e-05
-5.42,2.002e-05
-5.42,2.4024e-05
-5.41,1.2012e-05
-5.41,1.4014e-05
-5.41,1.2012e-05
-5.41,2.4024e-05
-5.41,2.4024e-05
-5.41,1.4014e-05
-5.41,1.6016e-05
-5.41,2.6026e-05
-5.41,1.4014e-05
-5.41,2.4024e-05
-5.4,1.4014e-05
-5.4,3.6036e-05
-5.4,2.6026e-05
-5.4,1.6016e-05
-5.4,1.6016e-05
-5.4,1.2012e-05
-5.4,2.6026e-05
-5.4,1.8018e-05
-5.4,2.6026e-05
-5.4,1.8018e-05
-5.39,1.6016e-05
-5.39,1.8018e-05
-5.39,2.4024e-05
-5.39,1.2012e-05
-5.39,1.6016e-05
-5.39,1.8018e-05
-5.39,2.002e-05
-5.39,1.8018e-05
-5.39,1.001e-05
-5.39,3.003e-05
-5.38,3.003e-05
-5.38,1.6016e-05
-5.38,1.2012e-05
-5.38,8.00801e-06
-5.38,1.8018e-05
-5.38,2.8028e-05
-5.38,1.2012e-05
-5.38,1.2012e-05
-5.38,2.002e-05
-5.38,1.6016e-05
-5.37,2.002e-05
-5.37,2.002e-05
-5.37,2.2022e-05
-5.37,4.2042e-05
-5.37,2.2022e-05
-5.37,2.002e-05
-5.37,3.003e-05
-5.37,2.002e-05
-5.37,1.8018e-05
-5.37,2.4024e-05
-5.36,3.2032e-05
-5.36,2.002e-05
-5.36,1.6016e-05
-5.36,1.8018e-05
-5.36,2.002e-05
-5.36,1.8018e-05
-5.36,2.8028e-05
-5.36,3.4034e-05
-5.36,1.8018e-05
-5.36,1.2012e-05
-5.35,2.002e-05
-5.35,2.2022e-05
-5.35,2.2022e-05
-5.35,2.4024e-05
-5.35,2.6026e-05
-5.35,2.2022e-05
-5.35,2.2022e-05
-5.35,3.003e-05
-5.35,2.6026e-05
-5.35,2.4024e-05
-5.34,2.6026e-05
-5.34,2.8028e-05
-5.34,2.4024e-05
-5.34,2.4024e-05
-5.34,2.6026e-05
-5.34,1.4014e-05
-5.34,2.002e-05
-5.34,2.6026e-05
-5.34,4.6046e-05
-5.34,2.002e-05
-5.33,2.4024e-05
-5.33,1.8018e-05
-5.33,1.8018e-05
-5.33,2.6026e-05
-5.33,1.8018e-05
-5.33,3.003e-05
-5.33,1.6016e-05
-5.33,2.002e-05
-5.33,1.2012e-05
-5.33,1.4014e-05
-5.32,2.4024e-05
-5.32,2.4024e-05
-5.32,1.4014e-05
-5.32,2.6026e-05
-5.32,2.4024e-05
-5.32,2.2022e-05
-5.32,3.003e-05
-5.32,2.2022e-05
-5.32,2.002e-05
-5.32,2.8028e-05
-5.31,1.6016e-05
-5.31,2.2022e-05
-5.31,3.2032e-05
-5.31,1.8018e-05
-5.31,2.4024e-05
-5.31,1.4014e-05
-5.31,1.6016e-05
-5.31,2.8028e-05
-5.31,2.2022e-05
-5.31,2.002e-05
-5.3,3.003e-05
-5.3,1.4014e-05
-5.3,1.8018e-05
-5.3,2.6026e-05
-5.3,3.8038e-05
-5.3,1.6016e-05
-5.3,2.4024e-05
-5.3,1.8018e-05
-5.3,2.002e-05
-5.3,1.8018e-05
-5.29,2.2022e-05
-5.29,1.6016e-05
-5.29,1.8018e-05
-5.29,1.4014e-05
-5.29,2.2022e-05
-5.29,2.4024e-05
-5.29,1.001e-05
-5.29,3.4034e-05
-5.29,2.8028e-05
-5.29,3.2032e-05
-5.28,2.6026e-05
-5.28,2.4024e-05
-5.28,1.6016e-05
-5.28,3.2032e-05
-5.28,3.8038e-05
-5.28,2.002e-05
-5.28,3.4034e-05
-5.28,2.8028e-05
-5.28,3.6036e-05
-5.28,2.002e-05
-5.27,2.6026e-05
-5.27,2.6026e-05
-5.27,2.2022e-05
-5.27,2.6026e-05
-5.27,1.8018e-05
-5.27,3.003e-05
-5.27,3.2032e-05
-5.27,2.6026e-05
-5.27,3.003e-05
-5.27,1.8018e-05
-5.26,2.4024e-05
-5.26,2.6026e-05
-5.26,2.6026e-05
-5.26,2.2022e-05
-5.26,3.2032e-05
-5.26,2.8028e-05
-5.26,2.002e-05
-5.26,2.2022e-05
-5.26,2.8028e-05
-5.26,3.003e-05
-5.25,3.4034e-05
-5.25,3.4034e-05
-5.25,2.4024e-05
-5.25,3.2032e-05
-5.25,2.4024e-05
-5.25,2.6026e-05
-5.25,2.8028e-05
-5.25,2.4024e-05
-5.25,3.003e-05
-5.25,2.8028e-05
-5.24,2.4024e-05
-5.24,2.2022e-05
-5.24,2.2022e-05
-5.24,4.004e-05
-5.24,2.8028e-05
-5.24,1.8018e-05
-5.24,2.6026e-05
-5.24,3.2032e-05
-5.24,2.6026e-05
-5.24,2.8028e-05
-5.23,2.8028e-05
-5.23,2.4024e-05
-5.23,2.6026e-05
-5.23,3.4034e-05
-5.23,2.2022e-05
-5.23,2.002e-05
-5.23,2.8028e-05
-5.23,2.8028e-05
-5.23,3.4034e-05
-5.23,2.6026e-05
-5.22,1.8018e-05
-5.22,4.004e-05
-5.22,3.4034e-05
-5.22,4.004e-05
-5.22,2.6026e-05
-5.22,2.8028e-05
-5.22,3.2032e-05
-5.22,3.6036e-05
-5.22,2.002e-05
-5.22,2.002e-05
-5.21,3.4034e-05
-5.21,3.2032e-05
-5.21,3.4034e-05
-5.21,1.4014e-05
-5.21,2.2022e-05
-5.21,3.6036e-05
-5.21,1.4014e-05
-5.21,5.80581e-05
-5.21,2.2022e-05
-5.21,4.004e-05
-5.2,3.003e-05
-5.2,2.6026e-05
-5.2,3.2032e-05
-5.2,4.4044e-05
-5.2,4.8048e-05
-5.2,3.8038e-05
-5.2,2.8028e-05
-5.2,3.4034e-05
-5.2,4.004e-05
-5.2,3.6036e-05
-5.19,2.6026e-05
-5.19,3.2032e-05
-5.19,3.6036e-05
-5.19,1.6016e-05
-5.19,2.8028e-05
-5.19,1.8018e-05
-5.19,1.4014e-05
-5.19,1.8018e-05
-5.19,2.002e-05
-5.19,2.4024e-05
-5.18,4.2042e-05
-5.18,3.4034e-05
-5.18,3.4034e-05
-5.18,2.6026e-05
-5.18,3.4034e-05
-5.18,3.8038e-05
-5.18,2.8028e-05
-5.18,3.003e-05
-5.18,3.2032e-05
-5.18,2.8028e-05
-5.17,3.2032e-05
-5.17,3.2032e-05
-5.17,2.002e-05
-5.17,3.4034e-05
-5.17,2.4024e-05
-5.17,3.003e-05
-5.17,3.8038e-05
-5.17,2.2022e-05
-5.17,2.002e-05
-5.17,3.6036e-05
-5.16,3.4034e-05
-5.16,3.003e-05
-5.16,4.004e-05
-5.16,3.4034e-05
-5.16,3.4034e-05
-5.16,2.4024e-05
-5.16,4.2042e-05
-5.16,4.2042e-05
-5.16,5.20521e-05
-5.16,3.4034e-05
-5.15,2.4024e-05
-5.15,4.2042e-05
-5.15,2.6026e-05
-5.15,3.003e-05
-5.15,5.60561e-05
-5.15,4.6046e-05
-5.15,5.20521e-05
-5.15,3.003e-05
-5.15,4.2042e-05
-5.15,3.4034e-05
-5.14,4.4044e-05
-5.14,3.4034e-05
-5.14,4.8048e-05
-5.14,3.003e-05
-5.14,3.003e-05
-5.14,3.003e-05
-5.14,3.4034e-05
-5.14,2.8028e-05
-5.14,3.6036e-05
-5.14,4.2042e-05
-5.13,3.2032e-05
-5.13,3.2032e-05
-5.13,3.6036e-05
-5.13,4.4044e-05
-5.13,3.8038e-05
-5.13,3.003e-05
-5.13,2.2022e-05
-5.13,4.004e-05
-5.13,3.2032e-05
-5.13,3.8038e-05
-5.12,3.6036e-05
-5.12,4.2042e-05
-5.12,4.6046e-05
-5.12,3.2032e-05
-5.12,3.003e-05
-5.12,3.6036e-05
-5.12,3.8038e-05
-5.12,2.8028e-05
-5.12,2.8028e-05
-5.12,2.8028e-05
-5.11,3.6036e-05
-5.11,4.4044e-05
-5.11,3.8038e-05
-5.11,4.004e-05
-5.11,5.00501e-05
-5.11,4.2042e-05
-5.11,4.4044e-05
-5.11,4.8048e-05
-5.11,3.003e-05
-5.11,3.8038e-05
-5.1,2.6026e-05
-5.1,3.8038e-05
-5.1,3.8038e-05
-5.1,2.2022e-05
-5.1,5.20521e-05
-5.1,4.004e-05
-5.1,3.2032e-05
-5.1,3.003e-05
-5.1,4.8048e-05
-5.1,5.20521e-05
-5.09,4.004e-05
-5.09,2.8028e-05
-5.09,4.2042e-05
-5.09,3.4034e-05
-5.09,2.4024e-05
-5.09,5.20521e-05
-5.09,5.00501e-05
-5.09,7.00701e-05
-5.09,4.4044e-05
-5.09,3.6036e-05
-5.08,4.2042e-05
-5.08,3.4034e-05
-5.08,3.6036e-05
-5.08,4.6046e-05
-5.08,3.8038e-05
-5.08,4.004e-05
-5.08,4.2042e-05
-5.08,3.8038e-05
-5.08,2.4024e-05
-5.08,4.4044e-05
-5.07,3.4034e-05
-5.07,4.8048e-05
-5.07,2.2022e-05
-5.07,4.2042e-05
-5.07,5.60561e-05
-5.07,3.4034e-05
-5.07,2.8028e-05
-5.07,3.2032e-05
-5.07,4.4044e-05
-5.07,2.8028e-05
-5.06,4.4044e-05
-5.06,4.4044e-05
-5.06,5.00501e-05
-5.06,4.4044e-05
-5.06,4.4044e-05
-5.06,4.8048e-05
-5.06,4.8048e-05
-5.06,3.6036e-05
-5.06,4.4044e-05
-5.06,2.6026e-05
-5.05,3.8038e-05
-5.05,3.4034e-05
-5.05,5.00501e-05
-5.05,4.4044e-05
-5.05,5.40541e-05
-5.05,3.8038e-05
-5.05,4.004e-05
-5.05,5.40541e-05
-5.05,3.4034e-05
-5.05,4.6046e-05
-5.04,3.4034e-05
-5.04,3.4034e-05
-5.04,4.004e-05
-5.04,5.00501e-05
-5.04,4.4044e-05
-5.04,4.004e-05
-5.04,3.6036e-05
-5.04,5.80581e-05
-5.04,4.2042e-05
-5.04,4.2042e-05
-5.03,3.4034e-05
-5.03,4.004e-05
-5.03,4.2042e-05
-5.03,2.8028e-05
-5.03,4.004e-05
-5.03,4.004e-05
-5.03,2.2022e-05
-5.03,5.40541e-05
-5.03,3.6036e-05
-5.03,4.8048e-05
-5.02,4.4044e-05
-5.02,3.8038e-05
-5.02,4.2042e-05
-5.02,4.6046e-05
-5.02,3.4034e-05
-5.02,5.80581e-05
-5.02,5.00501e-05
-5.02,3.8038e-05
-5.02,4.8048e-05
-5.02,4.2042e-05
-5.01,5.00501e-05
-5.01,4.4044e-05
-5.01,4.004e-05
-5.01,4.8048e-05
-5.01,4.4044e-05
-5.01,2.2022e-05
-5.01,4.6046e-05
-5.01,3.2032e-05
-5.01,4.6046e-05
-5.01,4.004e-05
-5,4.8048e-05
-5,3.4034e-05
-5,4.004e-05
-5,2.2022e-05
-5,4.4044e-05
-5,3.2032e-05
-5,5.00501e-05
-5,3.2032e-05
-5,4.4044e-05
-5,3.8038e-05
-4.99,4.8048e-05
-4.99,3.4034e-05
-4.99,4.6046e-05
-4.99,4.6046e-05
-4.99,3.6036e-05
-4.99,5.80581e-05
-4.99,5.80581e-05
-4.99,5.20521e-05
-4.99,3.4034e-05
-4.99,6.80681e-05
-4.98,4.8048e-05
-4.98,5.20521e-05
-4.98,4.8048e-05
-4.98,5.20521e-05
-4.98,5.40541e-05
-4.98,3.4034e-05
-4.98,6.60661e-05
-4.98,4.8048e-05
-4.98,4.6046e-05
-4.98,6.60661e-05
-4.97,5.00501e-05
-4.97,3.4034e-05
-4.97,5.80581e-05
-4.97,4.004e-05
-4.97,4.2042e-05
-4.97,4.4044e-05
-4.97,5.20521e-05
-4.97,5.60561e-05
-4.97,3.2032e-05
-4.97,5.80581e-05
-4.96,5.60561e-05
-4.96,4.2042e-05
-4.96,5.20521e-05
-4.96,3.6036e-05
-4.96,3.003e-05
-4.96,4.8048e-05
-4.96,5.00501e-05
-4.96,3.003e-05
-4.96,5.80581e-05
-4.96,4.004e-05
-4.95,4.2042e-05
-4.95,4.6046e-05
-4.95,4.2042e-05
-4.95,5.20521e-05
-4.95,5.00501e-05
-4.95,8.00801e-05
-4.95,5.20521e-05
-4.95,5.20521e-05
-4.95,4.8048e-05
-4.95,7.00701e-05
-4.94,4.8048e-05
-4.94,3.8038e-05
-4.94,4.6046e-05
-4.94,3.4034e-05
-4.94,3.003e-05
-4.94,5.20521e-05
-4.94,4.004e-05
-4.94,5.20521e-05
-4.94,2.8028e-05
-4.94,4.4044e-05
-4.93,4.2042e-05
-4.93,6.00601e-05
-4.93,5.80581e-05
-4.93,6.60661e-05
-4.93,5.40541e-05
-4.93,6.20621e-05
-4.93,4.4044e-05
-4.93,4.2042e-05
-4.93,6.60661e-05
-4.93,5.00501e-05
-4.92,6.40641e-05
-4.92,5.00501e-05
-4.92,6.60661e-05
-4.92,7.40741e-05
-4.92,4.004e-05
-4.92,6.00601e-05
-4.92,3.8038e-05
-4.92,4.6046e-05
-4.92,4.004e-05
-4.92,8.40841e-05
-4.91,7.60761e-05
-4.91,5.60561e-05
-4.91,6.40641e-05
-4.91,7.00701e-05
-4.91,4.8048e-05
-4.91,6.40641e-05
-4.91,6.00601e-05
-4.91,8.20821e-05
-4.91,4.6046e-05
-4.91,4.8048e-05
-4.9,4.8048e-05
-4.9,5.20521e-05
-4.9,5.80581e-05
-4.9,7.20721e-05
-4.9,4.004e-05
-4.9,6.00601e-05
-4.9,4.8048e-05
-4.9,4.2042e-05
-4.9,5.20521e-05
-4.9,5.00501e-05
-4.89,4.6046e-05
-4.89,6.80681e-05
-4.89,5.40541e-05
-4.89,6.00601e-05
-4.89,5.80581e-05
-4.89,4.4044e-05
-4.89,5.80581e-05
-4.89,7.00701e-05
-4.89,6.20621e-05
-4.89,3.8038e-05
-4.88,7.20721e-05
-4.88,4.8048e-05
-4.88,5.00501e-05
-4.88,7.40741e-05
-4.88,6.40641e-05
-4.88,7.20721e-05
-4.88,6.80681e-05
-4.88,4.004e-05
-4.88,4.2042e-05
-4.88,8.00801e-05
-4.87,4.4044e-05
-4.87,5.20521e-05
-4.87,5.40541e-05
-4.87,5.80581e-05
-4.87,5.80581e-05
-4.87,6.60661e-05
-4.87,5.00501e-05
-4.87,6.40641e-05
-4.87,6.00601e-05
-4.87,5.20521e-05
-4.86,5.80581e-05
-4.86,8.80881e-05
-4.86,7.80781e-05
-4.86,7.60761e-05
-4.86,6.80681e-05
-4.86,3.6036e-05
-4.86,5.20521e-05
-4.86,6.20621e-05
-4.86,4.4044e-05
-4.86,4.004e-05
-4.85,6.20621e-05
-4.85,5.80581e-05
-4.85,5.60561e-05
-4.85,6.20621e-05
-4.85,7.20721e-05
-4.85,7.40741e-05
-4.85,6.00601e-05
-4.85,4.6046e-05
-4.85,7.40741e-05
-4.85,5.60561e-05
-4.84,6.40641e-05
-4.84,6.40641e-05
-4.84,7.20721e-05
-4.84,6.40641e-05
-4.84,6.40641e-05
-4.84,6.60661e-05
-4.84,6.60661e-05
-4.84,5.80581e-05
-4.84,7.00701e-05
-4.84,5.20521e-05
-4.83,6.00601e-05
-4.83,6.80681e-05
-4.83,5.20521e-05
-4.83,6.80681e-05
-4.83,5.00501e-05
-4.83,8.00801e-05
-4.83,5.80581e-05
-4.83,6.80681e-05
-4.83,4.8048e-05
-4.83,6.80681e-05
-4.82,5.60561e-05
-4.82,5.80581e-05
-4.82,6.20621e-05
-4.82,5.40541e-05
-4.82,6.60661e-05
-4.82,6.40641e-05
-4.82,6.80681e-05
-4.82,6.80681e-05
-4.82,5.60561e-05
-4.82,5.60561e-05
-4.81,4.6046e-05
-4.81,6.60661e-05
-4.81,6.80681e-05
-4.81,5.40541e-05
-4.81,4.6046e-05
-4.81,6.80681e-05
-4.81,6.40641e-05
-4.81,5.60561e-05
-4.81,6.20621e-05
-4.81,6.00601e-05
-4.8,7.40741e-05
-4.8,6.20621e-05
-4.8,7.80781e-05
-4.8,6.80681e-05
-4.8,5.00501e-05
-4.8,5.80581e-05
-4.8,6.80681e-05
-4.8,7.80781e-05
-4.8,5.20521e-05
-4.8,5.80581e-05
-4.79,6.60661e-05
-4.79,8.20821e-05
-4.79,4.8048e-05
-4.79,7.40741e-05
-4.79,5.60561e-05
-4.79,7.60761e-05
-4.79,6.40641e-05
-4.79,6.60661e-05
-4.79,9.20921e-05
-4.79,5.80581e-05
-4.78,8.60861e-05
-4.78,8.40841e-05
-4.78,5.60561e-05
-4.78,6.20621e-05
-4.78,7.40741e-05
-4.78,5.80581e-05
-4.78,6.20621e-05
-4.78,5.20521e-05
-4.78,8.60861e-05
-4.78,9.00901e-05
-4.77,6.60661e-05
-4.77,7.20721e-05
-4.77,7.60761e-05
-4.77,5.40541e-05
-4.77,7.60761e-05
-4.77,6.60661e-05
-4.77,7.40741e-05
-4.77,5.00501e-05
-4.77,6.80681e-05
-4.77,6.60661e-05
-4.76,6.40641e-05
-4.76,6.20621e-05
-4.76,7.60761e-05
-4.76,6.60661e-05
-4.76,7.20721e-05
-4.76,6.80681e-05
-4.76,7.40741e-05
-4.76,8.20821e-05
-4.76,6.20621e-05
-4.76,8.00801e-05
-4.75,5.60561e-05
-4.75,6.40641e-05
-4.75,7.00701e-05
-4.75,7.80781e-05
-4.75,5.40541e-05
-4.75,9.40941e-05
-4.75,9.80981e-05
-4.75,6.40641e-05
-4.75,8.20821e-05
-4.75,6.00601e-05
-4.74,9.00901e-05
-4.74,0.000118118
-4.74,7.40741e-05
-4.74,9.20921e-05
-4.74,6.00601e-05
-4.74,8.20821e-05
-4.74,8.20821e-05
-4.74,8.60861e-05
-4.74,8.60861e-05
-4.74,5.40541e-05
-4.73,6.80681e-05
-4.73,6.60661e-05
-4.73,7.80781e-05
-4.73,8.40841e-05
-4.73,7.60761e-05
-4.73,6.40641e-05
-4.73,6.60661e-05
-4.73,7.80781e-05
-4.73,7.80781e-05
-4.73,8.60861e-05
-4.72,7.40741e-05
-4.72,6.80681e-05
-4.72,5.40541e-05
-4.72,5.80581e-05
-4.72,5.00501e-05
-4.72,8.40841e-05
-4.72,6.60661e-05
-4.72,9.20921e-05
-4.72,5.00501e-05
-4.72,5.80581e-05
-4.71,7.00701e-05
-4.71,7.40741e-05
-4.71,6.80681e-05
-4.71,0.000102102
-4.71,7.20721e-05
-4.71,9.40941e-05
-4.71,8.60861e-05
-4.71,6.80681e-05
-4.71,7.20721e-05
-4.71,8.20821e-05
-4.7,9.40941e-05
-4.7,8.00801e-05
-4.7,8.60861e-05
-4.7,8.60861e-05
-4.7,7.20721e-05
-4.7,6.60661e-05
-4.7,8.00801e-05
-4.7,8.60861e-05
-4.7,7.80781e-05
-4.7,8.40841e-05
-4.69,8.20821e-05
-4.69,8.40841e-05
-4.69,9.80981e-05
-4.69,8.00801e-05
-4.69,8.60861e-05
-4.69,0.000102102
-4.69,0.000104104
-4.69,8.00801e-05
-4.69,7.20721e-05
-4.69,9.80981e-05
-4.68,7.40741e-05
-4.68,8.40841e-05
-4.68,7.60761e-05
-4.68,6.60661e-05
-4.68,9.20921e-05
-4.68,5.80581e-05
-4.68,7.80781e-05
-4.68,7.60761e-05
-4.68,8.00801e-05
-4.68,0.000104104
-4.67,0.000128128
-4.67,7.40741e-05
-4.67,7.80781e-05
-4.67,8.40841e-05
-4.67,8.60861e-05
-4.67,0.000104104
-4.67,8.20821e-05
-4.67,7.80781e-05
-4.67,0.000102102
-4.67,8.60861e-05
-4.66,8.40841e-05
-4.66,0.000106106
-4.66,8.80881e-05
-4.66,9.80981e-05
-4.66,0.000118118
-4.66,9.80981e-05
-4.66,9.40941e-05
-4.66,7.60761e-05
-4.66,7.40741e-05
-4.66,6.80681e-05
-4.65,0.000124124
-4.65,7.40741e-05
-4.65,9.60961e-05
-4.65,7.20721e-05
-4.65,9.60961e-05
-4.65,0.000104104
-4.65,0.000106106
-4.65,9.80981e-05
-4.65,9.60961e-05
-4.65,0.000108108
-4.64,9.40941e-05
-4.64,8.60861e-05
-4.64,8.40841e-05
-4.64,7.20721e-05
-4.64,0.0001001
-4.64,7.60761e-05
-4.64,8.60861e-05
-4.64,0.000112112
-4.64,8.00801e-05
-4.64,9.20921e-05
-4.63,0.000114114
-4.63,0.0001001
-4.63,8.20821e-05
-4.63,8.80881e-05
-4.63,7.60761e-05
-4.63,0.000102102
-4.63,0.0001001
-4.63,9.00901e-05
-4.63,8.80881e-05
-4.63,0.0001001
-4.62,9.60961e-05
-4.62,9.20921e-05
-4.62,6.60661e-05
-4.62,0.000106106
-4.62,9.80981e-05
-4.62,0.000104104
-4.62,6.40641e-05
-4.62,0.000102102
-4.62,7.00701e-05
-4.62,9.20921e-05
-4.61,9.00901e-05
-4.61,9.40941e-05
-4.61,0.000104104
-4.61,9.60961e-05
-4.61,0.000102102
-4.61,0.000116116
-4.61,9.60961e-05
-4.61,9.00901e-05
-4.61,9.20921e-05
-4.61,0.000104104
-4.6,0.0001001
-4.6,0.000106106
-4.6,9.20921e-05
-4.6,7.80781e-05
-4.6,7.80781e-05
-4.6,8.80881e-05
-4.6,0.000102102
-4.6,0.000108108
-4.6,8.20821e-05
-4.6,0.0001001
-4.59,9.00901e-05
-4.59,9.40941e-05
-4.59,0.00011011
-4.59,0.00011011
-4.59,9.80981e-05
-4.59,8.80881e-05
-4.59,0.00011011
-4.59,0.000106106
-4.59,0.000108108
-4.59,8.00801e-05
-4.58,0.000104104
-4.58,0.000104104
-4.58,0.0001001
-4.58,0.000112112
-4.58,0.00013013
-4.58,9.80981e-05
-4.58,0.000102102
-4.58,0.000122122
-4.58,8.80881e-05
-4.58,7.80781e-05
-4.57,0.000126126
-4.57,0.000104104
-4.57,0.000118118
-4.57,0.000104104
-4.57,0.000116116
-4.57,0.000104104
-4.57,0.000108108
-4.57,0.000132132
-4.57,0.000116116
-4.57,9.60961e-05
-4.56,0.000102102
-4.56,9.80981e-05
-4.56,0.000124124
-4.56,9.00901e-05
-4.56,9.40941e-05
-4.56,0.000118118
-4.56,0.000106106
-4.56,0.000126126
-4.56,0.000114114
-4.56,8.20821e-05
-4.55,0.000106106
-4.55,9.40941e-05
-4.55,0.000112112
-4.55,0.000124124
-4.55,0.000102102
-4.55,0.000102102
-4.55,9.80981e-05
-4.55,0.0001001
-4.55,0.000112112
-4.55,0.000108108
-4.54,0.000108108
-4.54,0.00011011
-4.54,0.000128128
-4.54,0.0001001
-4.54,0.000118118
-4.54,0.000104104
-4.54,0.000108108
-4.54,0.000122122
-4.54,9.40941e-05
-4.54,0.000102102
-4.53,0.000116116
-4.53,0.000128128
-4.53,0.000108108
-4.53,0.000134134
-4.53,0.000116116
-4.53,0.000106106
-4.53,0.000124124
-4.53,0.000128128
-4.53,0.000136136
-4.53,0.00011011
-4.52,0.000106106
-4.52,0.00013013
-4.52,9.00901e-05
-4.52,0.000112112
-4.52,0.000138138
-4.52,0.000128128
-4.52,0.000106106
-4.52,0.000134134
-4.52,0.000104104
-4.52,0.000116116
-4.51,0.00013013
-4.51,0.00015015
-4.51,0.00012012
-4.51,0.00012012
-4.51,0.000124124
-4.51,8.80881e-05
-4.51,0.000112112
-4.51,0.000106106
-4.51,0.000104104
-4.51,0.0001001
-4.5,0.000102102
-4.5,0.00011011
-4.5,0.000128128
-4.5,0.000108108
-4.5,0.000146146
-4.5,0.00012012
-4.5,0.000136136
-4.5,0.000138138
-4.5,0.00013013
-4.5,0.000134134
-4.49,0.000128128
-4.49,0.00012012
-4.49,0.000114114
-4.49,0.000146146
-4.49,0.00011011
-4.49,0.000128128
-4.49,0.000104104
-4.49,0.000124124
-4.49,0.000144144
-4.49,9.80981e-05
-4.48,0.00013013
-4.48,0.00013013
-4.48,0.000122122
-4.48,0.000144144
-4.48,0.000114114
-4.48,0.000138138
-4.48,0.000124124
-4.48,0.00011011
-4.48,0.000138138
-4.48,0.000102102
-4.47,9.80981e-05
-4.47,0.000146146
-4.47,0.00015015
-4.47,0.000104104
-4.47,0.000116116
-4.47,0.00015015
-4.47,0.000122122
-4.47,0.000124124
-4.47,0.000144144
-4.47,0.000158158
-4.46,0.000122122
-4.46,0.000124124
-4.46,0.0001001
-4.46,0.000164164
-4.46,0.000114114
-4.46,0.000106106
-4.46,0.00013013
-4.46,0.000172172
-4.46,0.000148148
-4.46,0.00012012
-4.45,0.000144144
-4.45,0.000166166
-4.45,0.000162162
-4.45,0.00016016
-4.45,0.000162162
-4.45,0.000138138
-4.45,0.000144144
-4.45,0.000144144
-4.45,0.000112112
-4.45,0.000148148
-4.44,0.00011011
-4.44,0.000148148
-4.44,0.000156156
-4.44,0.00013013
-4.44,0.000146146
-4.44,0.000134134
-4.44,0.000122122
-4.44,0.00011011
-4.44,0.000148148
-4.44,0.000126126
-4.43,0.000142142
-4.43,0.000144144
-4.43,0.000106106
-4.43,0.000136136
-4.43,0.000152152
-4.43,0.000144144
-4.43,0.00016016
-4.43,0.000122122
-4.43,0.000168168
-4.43,0.000132132
-4.42,0.000126126
-4.42,0.000148148
-4.42,0.00018018
-4.42,0.000144144
-4.42,0.000144144
-4.42,0.000138138
-4.42,0.000136136
-4.42,0.000138138
-4.42,0.000122122
-4.42,0.00014014
-4.41,0.000154154
-4.41,0.000166166
-4.41,0.000164164
-4.41,0.000138138
-4.41,0.000132132
-4.41,0.000158158
-4.41,0.000146146
-4.41,0.000128128
-4.41,0.000156156
-4.41,0.00015015
-4.4,0.00018018
-4.4,0.000166166
-4.4,0.000122122
-4.4,0.000132132
-4.4,0.000148148
-4.4,0.000166166
-4.4,0.000192192
-4.4,0.00015015
-4.4,0.000186186
-4.4,0.000144144
-4.39,0.000156156
-4.39,0.000146146
-4.39,0.000144144
-4.39,0.000162162
-4.39,0.00014014
-4.39,0.000172172
-4.39,0.000158158
-4.39,0.000154154
-4.39,0.000156156
-4.39,0.000172172
-4.38,0.000172172
-4.38,0.000138138
-4.38,0.00015015
-4.38,0.000148148
-4.38,0.00011011
-4.38,0.000144144
-4.38,0.000146146
-4.38,0.000142142
-4.38,0.000152152
-4.38,0.000182182
-4.37,0.00018018
-4.37,0.000142142
-4.37,0.000136136
-4.37,0.000186186
-4.37,0.000158158
-4.37,0.000154154
-4.37,0.000146146
-4.37,0.00015015
-4.37,0.000196196
-4.37,0.000158158
-4.36,0.000126126
-4.36,0.00018018
-4.36,0.00015015
-4.36,0.000176176
-4.36,0.000154154
-4.36,0.000164164
-4.36,0.000144144
-4.36,0.00019019
-4.36,0.000186186
-4.36,0.000146146
-4.35,0.00018018
-4.35,0.000162162
-4.35,0.000164164
-4.35,0.000168168
-4.35,0.000156156
-4.35,0.000208208
-4.35,0.000134134
-4.35,0.000188188
-4.35,0.000176176
-4.35,0.000156156
-4.34,0.000178178
-4.34,0.000172172
-4.34,0.000178178
-4.34,0.000174174
-4.34,0.000152152
-4.34,0.00015015
-4.34,0.000164164
-4.34,0.000186186
-4.34,0.000138138
-4.34,0.000192192
-4.33,0.00018018
-4.33,0.000156156
-4.33,0.000184184
-4.33,0.00017017
-4.33,0.000192192
-4.33,0.00016016
-4.33,0.000188188
-4.33,0.000168168
-4.33,0.00018018
-4.33,0.000166166
-4.32,0.000142142
-4.32,0.000178178
-4.32,0.000196196
-4.32,0.000184184
-4.32,0.000182182
-4.32,0.000164164
-4.32,0.000172172
-4.32,0.000182182
-4.32,0.000186186
-4.32,0.0002002
-4.31,0.000172172
-4.31,0.000152152
-4.31,0.000172172
-4.31,0.00015015
-4.31,0.000192192
-4.31,0.000172172
-4.31,0.000164164
-4.31,0.000146146
-4.31,0.000182182
-4.31,0.0002002
-4.3,0.000164164
-4.3,0.000184184
-4.3,0.000198198
-4.3,0.000166166
-4.3,0.00016016
-4.3,0.00018018
-4.3,0.000166166
-4.3,0.000198198
-4.3,0.000204204
-4.3,0.000174174
-4.29,0.00018018
-4.29,0.00021021
-4.29,0.000214214
-4.29,0.000182182
-4.29,0.000184184
-4.29,0.000212212
-4.29,0.0002002
-4.29,0.000182182
-4.29,0.000222222
-4.29,0.000158158
-4.28,0.000228228
-4.28,0.000196196
-4.28,0.00019019
-4.28,0.000212212
-4.28,0.000172172
-4.28,0.000196196
-4.28,0.000186186
-4.28,0.000218218
-4.28,0.000188188
-4.28,0.000198198
-4.27,0.000246246
-4.27,0.000192192
-4.27,0.000208208
-4.27,0.000232232
-4.27,0.000216216
-4.27,0.000194194
-4.27,0.000178178
-4.27,0.000194194
-4.27,0.000206206
-4.27,0.00019019
-4.26,0.000184184
-4.26,0.00021021
-4.26,0.000224224
-4.26,0.000194194
-4.26,0.00022022
-4.26,0.000232232
-4.26,0.000204204
-4.26,0.000214214
-4.26,0.000186186
-4.26,0.00023023
-4.25,0.000194194
-4.25,0.000206206
-4.25,0.000214214
-4.25,0.000182182
-4.25,0.00023023
-4.25,0.000216216
-4.25,0.000218218
-4.25,0.000226226
-4.25,0.00021021
-4.25,0.000186186
-4.24,0.000228228
-4.24,0.000224224
-4.24,0.000192192
-4.24,0.000222222
-4.24,0.00025025
-4.24,0.000176176
-4.24,0.000212212
-4.24,0.00021021
-4.24,0.000194194
-4.24,0.000228228
-4.23,0.000228228
-4.23,0.000204204
-4.23,0.000194194
-4.23,0.000194194
-4.23,0.000202202
-4.23,0.000184184
-4.23,0.00024024
-4.23,0.000216216
-4.23,0.000172172
-4.23,0.000234234
-4.22,0.000252252
-4.22,0.00017017
-4.22,0.000222222
-4.22,0.000212212
-4.22,0.000218218
-4.22,0.00022022
-4.22,0.000228228
-4.22,0.000212212
-4.22,0.000216216
-4.22,0.000204204
-4.21,0.000252252
-4.21,0.000222222
-4.21,0.000224224
-4.21,0.000242242
-4.21,0.000218218
-4.21,0.000222222
-4.21,0.000208208
-4.21,0.00025025
-4.21,0.000196196
-4.21,0.000232232
-4.2,0.000226226
-4.2,0.000248248
-4.2,0.00019019
-4.2,0.00019019
-4.2,0.000212212
-4.2,0.000216216
-4.2,0.000222222
-4.2,0.00022022
-4.2,0.000222222
-4.2,0.000226226
-4.19,0.000248248
-4.19,0.000236236
-4.19,0.000238238
-4.19,0.00024024
-4.19,0.00021021
-4.19,0.000234234
-4.19,0.000228228
-4.19,0.00024024
-4.19,0.000204204
-4.19,0.000228228
-4.18,0.000238238
-4.18,0.000256256
-4.18,0.00026026
-4.18,0.00025025
-4.18,0.00022022
-4.18,0.000284284
-4.18,0.000258258
-4.18,0.000168168
-4.18,0.000222222
-4.18,0.00023023
-4.17,0.000214214
-4.17,0.000224224
-4.17,0.000272272
-4.17,0.00022022
-4.17,0.000242242
-4.17,0.000236236
-4.17,0.000256256
-4.17,0.000232232
-4.17,0.00024024
-4.17,0.00024024
-4.16,0.00022022
-4.16,0.00026026
-4.16,0.000188188
-4.16,0.000248248
-4.16,0.000242242
-4.16,0.000252252
-4.16,0.000212212
-4.16,0.000254254
-4.16,0.000226226
-4.16,0.000232232
-4.15,0.00025025
-4.15,0.000258258
-4.15,0.000268268
-4.15,0.000238238
-4.15,0.000216216
-4.15,0.00026026
-4.15,0.000222222
-4.15,0.000218218
-4.15,0.000238238
-4.15,0.00025025
-4.14,0.000254254
-4.14,0.000268268
-4.14,0.000254254
-4.14,0.000244244
-4.14,0.00026026
-4.14,0.00024024
-4.14,0.000258258
-4.14,0.000252252
-4.14,0.000244244
-4.14,0.000276276
-4.13,0.000274274
-4.13,0.000268268
-4.13,0.000242242
-4.13,0.000298298
-4.13,0.000226226
-4.13,0.000272272
-4.13,0.00032032
-4.13,0.000268268
-4.13,0.000254254
-4.13,0.000246246
-4.12,0.000266266
-4.12,0.000298298
-4.12,0.00024024
-4.12,0.000254254
-4.12,0.000246246
-4.12,0.000318318
-4.12,0.000256256
-4.12,0.000262262
-4.12,0.000274274
-4.12,0.000242242
-4.11,0.000274274
-4.11,0.00026026
-4.11,0.000248248
-4.11,0.000324324
-4.11,0.000266266
-4.11,0.000314314
-4.11,0.000304304
-4.11,0.000298298
-4.11,0.0003003
-4.11,0.000284284
-4.1,0.000302302
-4.1,0.000254254
-4.1,0.000228228
-4.1,0.000298298
-4.1,0.000294294
-4.1,0.000288288
-4.1,0.000298298
-4.1,0.00029029
-4.1,0.000288288
-4.1,0.000272272
-4.09,0.000244244
-4.09,0.000312312
-4.09,0.00031031
-4.09,0.000288288
-4.09,0.000304304
-4.09,0.000258258
-4.09,0.000268268
-4.09,0.000252252
-4.09,0.000296296
-4.09,0.000306306
-4.08,0.00029029
-4.08,0.000254254
-4.08,0.000282282
-4.08,0.000276276
-4.08,0.000296296
-4.08,0.000262262
-4.08,0.000276276
-4.08,0.000306306
-4.08,0.000308308
-4.08,0.000268268
-4.07,0.000286286
-4.07,0.00031031
-4.07,0.000278278
-4.07,0.000314314
-4.07,0.000316316
-4.07,0.000284284
-4.07,0.000298298
-4.07,0.000312312
-4.07,0.000268268
-4.07,0.000326326
-4.06,0.000326326
-4.06,0.000228228
-4.06,0.000316316
-4.06,0.000278278
-4.06,0.00034034
-4.06,0.000298298
-4.06,0.000326326
-4.06,0.000292292
-4.06,0.000312312
-4.06,0.000264264
-4.05,0.000284284
-4.05,0.000284284
-4.05,0.000264264
-4.05,0.000294294
-4.05,0.00032032
-4.05,0.000328328
-4.05,0.000274274
-4.05,0.00032032
-4.05,0.000284284
-4.05,0.000314314
-4.04,0.000348348
-4.04,0.000304304
-4.04,0.000266266
-4.04,0.000304304
-4.04,0.000316316
-4.04,0.000296296
-4.04,0.000278278
-4.04,0.000326326
-4.04,0.000306306
-4.04,0.000298298
-4.03,0.000334334
-4.03,0.000306306
-4.03,0.000338338
-4.03,0.000264264
-4.03,0.000326326
-4.03,0.000296296
-4.03,0.0003003
-4.03,0.000326326
-4.03,0.000322322
-4.03,0.000324324
-4.02,0.000314314
-4.02,0.00032032
-4.02,0.000292292
-4.02,0.0003003
-4.02,0.000278278
-4.02,0.00031031
-4.02,0.000288288
-4.02,0.000316316
-4.02,0.000262262
-4.02,0.000318318
-4.01,0.000314314
-4.01,0.000312312
-4.01,0.000362362
-4.01,0.00033033
-4.01,0.000332332
-4.01,0.0003003
-4.01,0.000362362
-4.01,0.000312312
-4.01,0.000342342
-4.01,0.000324324
-4,0.000294294
-4,0.000394394
-4,0.000348348
-4,0.000348348
-4,0.000334334
-4,0.000366366
-4,0.000308308
-4,0.000354354
-4,0.000316316
-4,0.000354354
-3.99,0.000356356
-3.99,0.000322322
-3.99,0.000342342
-3.99,0.00032032
-3.99,0.000392392
-3.99,0.000328328
-3.99,0.000294294
-3.99,0.00037037
-3.99,0.00029029
-3.99,0.00032032
-3.98,0.000418418
-3.98,0.0003003
-3.98,0.000294294
-3.98,0.000344344
-3.98,0.000346346
-3.98,0.000352352
-3.98,0.000378378
-3.98,0.000312312
-3.98,0.000382382
-3.98,0.00032032
-3.97,0.00036036
-3.97,0.000318318
-3.97,0.00033033
-3.97,0.000386386
-3.97,0.000332332
-3.97,0.000342342
-3.97,0.000328328
-3.97,0.000328328
-3.97,0.000388388
-3.97,0.000386386
-3.96,0.00036036
-3.96,0.000386386
-3.96,0.000348348
-3.96,0.000336336
-3.96,0.000386386
-3.96,0.000376376
-3.96,0.000362362
-3.96,0.000366366
-3.96,0.00036036
-3.96,0.000358358
-3.95,0.000392392
-3.95,0.000358358
-3.95,0.000376376
-3.95,0.000378378
-3.95,0.000452452
-3.95,0.00034034
-3.95,0.000384384
-3.95,0.000404404
-3.95,0.000348348
-3.95,0.000356356
-3.94,0.000354354
-3.94,0.000364364
-3.94,0.00038038
-3.94,0.000364364
-3.94,0.000436436
-3.94,0.000384384
-3.94,0.000402402
-3.94,0.00036036
-3.94,0.000396396
-3.94,0.000382382
-3.93,0.00036036
-3.93,0.000334334
-3.93,0.000408408
-3.93,0.000378378
-3.93,0.00035035
-3.93,0.00042042
-3.93,0.00036036
-3.93,0.000422422
-3.93,0.000376376
-3.93,0.00036036
-3.92,0.000394394
-3.92,0.000358358
-3.92,0.000386386
-3.92,0.000414414
-3.92,0.00037037
-3.92,0.000418418
-3.92,0.000424424
-3.92,0.000414414
-3.92,0.000348348
-3.92,0.000374374
-3.91,0.000438438
-3.91,0.00041041
-3.91,0.00037037
-3.91,0.000396396
-3.91,0.00036036
-3.91,0.00037037
-3.91,0.000352352
-3.91,0.000378378
-3.91,0.00038038
-3.91,0.000364364
-3.9,0.000378378
-3.9,0.000382382
-3.9,0.000422422
-3.9,0.000446446
-3.9,0.00036036
-3.9,0.000402402
-3.9,0.000382382
-3.9,0.000436436
-3.9,0.000376376
-3.9,0.000448448
-3.89,0.000414414
-3.89,0.00039039
-3.89,0.000426426
-3.89,0.00046046
-3.89,0.000424424
-3.89,0.000408408
-3.89,0.000458458
-3.89,0.000404404
-3.89,0.000402402
-3.89,0.000364364
-3.88,0.000436436
-3.88,0.00044044
-3.88,0.000434434
-3.88,0.000452452
-3.88,0.000394394
-3.88,0.000428428
-3.88,0.000448448
-3.88,0.00042042
-3.88,0.000456456
-3.88,0.000424424
-3.87,0.000408408
-3.87,0.000428428
-3.87,0.000438438
-3.87,0.000448448
-3.87,0.00045045
-3.87,0.00041041
-3.87,0.000452452
-3.87,0.000424424
-3.87,0.0004004
-3.87,0.000408408
-3.86,0.00047047
-3.86,0.000388388
-3.86,0.000500501
-3.86,0.000428428
-3.86,0.00038038
-3.86,0.000442442
-3.86,0.00046046
-3.86,0.000444444
-3.86,0.000416416
-3.86,0.000434434
-3.85,0.000454454
-3.85,0.000456456
-3.85,0.000482482
-3.85,0.000388388
-3.85,0.000416416
-3.85,0.000422422
-3.85,0.00046046
-3.85,0.000444444
-3.85,0.000458458
-3.85,0.00042042
-3.84,0.000456456
-3.84,0.000436436
-3.84,0.000424424
-3.84,0.000466466
-3.84,0.000474474
-3.84,0.000484484
-3.84,0.000484484
-3.84,0.000488488
-3.84,0.000498498
-3.84,0.000464464
-3.83,0.000426426
-3.83,0.000478478
-3.83,0.000524525
-3.83,0.000474474
-3.83,0.000506507
-3.83,0.000478478
-3.83,0.00045045
-3.83,0.000452452
-3.83,0.000446446
-3.83,0.00045045
-3.82,0.000542543
-3.82,0.000528529
-3.82,0.000500501
-3.82,0.00049049
-3.82,0.00047047
-3.82,0.000556557
-3.82,0.000508509
-3.82,0.00046046
-3.82,0.000454454
-3.82,0.000512513
-3.81,0.000566567
-3.81,0.000548549
-3.81,0.00049049
-3.81,0.000492492
-3.81,0.000508509
-3.81,0.000486486
-3.81,0.00042042
-3.81,0.000508509
-3.81,0.000474474
-3.81,0.000512513
-3.8,0.000546547
-3.8,0.000538539
-3.8,0.000432432
-3.8,0.00049049
-3.8,0.000454454
-3.8,0.000464464
-3.8,0.00049049
-3.8,0.000538539
-3.8,0.000492492
-3.8,0.000566567
-3.79,0.000542543
-3.79,0.000510511
-3.79,0.000512513
-3.79,0.000538539
-3.79,0.000512513
-3.79,0.000540541
-3.79,0.000520521
-3.79,0.000536537
-3.79,0.000522523
-3.79,0.000550551
-3.78,0.000484484
-3.78,0.000546547
-3.78,0.000516517
-3.78,0.000472472
-3.78,0.000504505
-3.78,0.000506507
-3.78,0.000560561
-3.78,0.000550551
-3.78,0.000500501
-3.78,0.000572573
-3.77,0.000534535
-3.77,0.000506507
-3.77,0.000502503
-3.77,0.000546547
-3.77,0.000520521
-3.77,0.000572573
-3.77,0.000498498
-3.77,0.000526527
-3.77,0.000566567
-3.77,0.000554555
-3.76,0.000544545
-3.76,0.000520521
-3.76,0.000564565
-3.76,0.000588589
-3.76,0.000508509
-3.76,0.000544545
-3.76,0.000510511
-3.76,0.000536537
-3.76,0.000516517
-3.76,0.000510511
-3.75,0.000570571
-3.75,0.00049049
-3.75,0.000522523
-3.75,0.000538539
-3.75,0.000586587
-3.75,0.000488488
-3.75,0.000554555
-3.75,0.000588589
-3.75,0.000520521
-3.75,0.000568569
-3.74,0.000536537
-3.74,0.000550551
-3.74,0.000562563
-3.74,0.000544545
-3.74,0.000540541
-3.74,0.000556557
-3.74,0.000558559
-3.74,0.000532533
-3.74,0.000632633
-3.74,0.000526527
-3.73,0.000602603
-3.73,0.000546547
-3.73,0.000610611
-3.73,0.000586587
-3.73,0.000568569
-3.73,0.000620621
-3.73,0.000592593
-3.73,0.000582583
-3.73,0.000626627
-3.73,0.000594595
-3.72,0.000544545
-3.72,0.000636637
-3.72,0.000520521
-3.72,0.000604605
-3.72,0.000594595
-3.72,0.000560561
-3.72,0.000612613
-3.72,0.000586587
-3.72,0.000542543
-3.72,0.000548549
-3.71,0.000582583
-3.71,0.000612613
-3.71,0.000654655
-3.71,0.000660661
-3.71,0.000646647
-3.71,0.000598599
-3.71,0.000590591
-3.71,0.000586587
-3.71,0.000610611
-3.71,0.000584585
-3.7,0.000650651
-3.7,0.000616617
-3.7,0.000634635
-3.7,0.000652653
-3.7,0.000692693
-3.7,0.000636637
-3.7,0.000574575
-3.7,0.000632633
-3.7,0.000586587
-3.7,0.000658659
-3.69,0.000626627
-3.69,0.000614615
-3.69,0.000632633
-3.69,0.000662663
-3.69,0.000630631
-3.69,0.000526527
-3.69,0.000588589
-3.69,0.000628629
-3.69,0.000672673
-3.69,0.000688689
-3.68,0.000596597
-3.68,0.000672673
-3.68,0.000598599
-3.68,0.000636637
-3.68,0.000646647
-3.68,0.000594595
-3.68,0.000650651
-3.68,0.000518519
-3.68,0.000626627
-3.68,0.000594595
-3.67,0.000700701
-3.67,0.000672673
-3.67,0.000652653
-3.67,0.000552553
-3.67,0.000662663
-3.67,0.000672673
-3.67,0.000566567
-3.67,0.000576577
-3.67,0.000652653
-3.67,0.000644645
-3.66,0.000674675
-3.66,0.000570571
-3.66,0.000662663
-3.66,0.000656657
-3.66,0.000656657
-3.66,0.000642643
-3.66,0.000688689
-3.66,0.000682683
-3.66,0.000616617
-3.66,0.000666667
-3.65,0.000710711
-3.65,0.000690691
-3.65,0.000702703
-3.65,0.000718719
-3.65,0.000662663
-3.65,0.000662663
-3.65,0.000708709
-3.65,0.000742743
-3.65,0.000678679
-3.65,0.000744745
-3.64,0.000676677
-3.64,0.000674675
-3.64,0.000762763
-3.64,0.000664665
-3.64,0.000652653
-3.64,0.000696697
-3.64,0.000714715
-3.64,0.000680681
-3.64,0.000726727
-3.64,0.000632633
-3.63,0.000698699
-3.63,0.000760761
-3.63,0.000678679
-3.63,0.000744745
-3.63,0.000734735
-3.63,0.000730731
-3.63,0.000746747
-3.63,0.000694695
-3.63,0.000784785
-3.63,0.000712713
-3.62,0.000772773
-3.62,0.000678679
-3.62,0.000750751
-3.62,0.000698699
-3.62,0.000718719
-3.62,0.000716717
-3.62,0.000752753
-3.62,0.000754755
-3.62,0.000774775
-3.62,0.000696697
-3.61,0.000760761
-3.61,0.000736737
-3.61,0.000736737
-3.61,0.000682683
-3.61,0.000694695
-3.61,0.000736737
-3.61,0.000648649
-3.61,0.000706707
-3.61,0.000678679
-3.61,0.000772773
-3.6,0.000772773
-3.6,0.000752753
-3.6,0.000796797
-3.6,0.000816817
-3.6,0.000788789
-3.6,0.000740741
-3.6,0.000730731
-3.6,0.000710711
-3.6,0.000748749
-3.6,0.000698699
-3.59,0.000724725
-3.59,0.000776777
-3.59,0.000704705
-3.59,0.000768769
-3.59,0.000794795
-3.59,0.000804805
-3.59,0.000778779
-3.59,0.000704705
-3.59,0.000726727
-3.59,0.000786787
-3.58,0.000694695
-3.58,0.000772773
-3.58,0.000772773
-3.58,0.000810811
-3.58,0.000804805
-3.58,0.000786787
-3.58,0.000836837
-3.58,0.000776777
-3.58,0.000786787
-3.58,0.000708709
-3.57,0.000800801
-3.57,0.000826827
-3.57,0.000806807
-3.57,0.000786787
-3.57,0.000782783
-3.57,0.000726727
-3.57,0.000792793
-3.57,0.000828829
-3.57,0.000856857
-3.57,0.000732733
-3.56,0.000796797
-3.56,0.000794795
-3.56,0.000788789
-3.56,0.000754755
-3.56,0.000810811
-3.56,0.000774775
-3.56,0.000782783
-3.56,0.000716717
-3.56,0.000748749
-3.56,0.000778779
-3.55,0.000860861
-3.55,0.000884885
-3.55,0.000822823
-3.55,0.000858859
-3.55,0.000844845
-3.55,0.000764765
-3.55,0.000836837
-3.55,0.000826827
-3.55,0.000826827
-3.55,0.000858859
-3.54,0.000828829
-3.54,0.000856857
-3.54,0.000860861
-3.54,0.000898899
-3.54,0.000826827
-3.54,0.000840841
-3.54,0.000822823
-3.54,0.000880881
-3.54,0.000852853
-3.54,0.000818819
-3.53,0.000828829
-3.53,0.000846847
-3.53,0.000888889
-3.53,0.000806807
-3.53,0.000904905
-3.53,0.000872873
-3.53,0.000886887
-3.53,0.000872873
-3.53,0.000852853
-3.53,0.000914915
-3.52,0.000804805
-3.52,0.000926927
-3.52,0.000886887
-3.52,0.000872873
-3.52,0.000794795
-3.52,0.000896897
-3.52,0.000846847
-3.52,0.000918919
-3.52,0.000876877
-3.52,0.000926927
-3.51,0.000906907
-3.51,0.000822823
-3.51,0.000884885
-3.51,0.000902903
-3.51,0.000880881
-3.51,0.000976977
-3.51,0.000860861
-3.51,0.000866867
-3.51,0.000810811
-3.51,0.000840841
-3.5,0.000940941
-3.5,0.000868869
-3.5,0.000990991
-3.5,0.000806807
-3.5,0.000958959
-3.5,0.000890891
-3.5,0.000914915
-3.5,0.000946947
-3.5,0.00100901
-3.5,0.000914915
-3.49,0.000942943
-3.49,0.000926927
-3.49,0.000940941
-3.49,0.000984985
-3.49,0.000934935
-3.49,0.000934935
-3.49,0.000990991
-3.49,0.000936937
-3.49,0.000980981
-3.49,0.000876877
-3.48,0.000846847
-3.48,0.000946947
-3.48,0.000904905
-3.48,0.000926927
-3.48,0.000988989
-3.48,0.000986987
-3.48,0.000954955
-3.48,0.00100901
-3.48,0.000962963
-3.48,0.000968969
-3.47,0.000908909
-3.47,0.000906907
-3.47,0.00105506
-3.47,0.00100701
-3.47,0.000998999
-3.47,0.000928929
-3.47,0.000976977
-3.47,0.00101902
-3.47,0.001003
-3.47,0.000946947
-3.46,0.000990991
-3.46,0.00100501
-3.46,0.000986987
-3.46,0.001003
-3.46,0.0010951
-3.46,0.001003
-3.46,0.000964965
-3.46,0.00102102
-3.46,0.00101101
-3.46,0.000948949
-3.45,0.00101101
-3.45,0.000994995
-3.45,0.000974975
-3.45,0.000964965
-3.45,0.000988989
-3.45,0.000998999
-3.45,0.00102703
-3.45,0.00103704
-3.45,0.000936937
-3.45,0.000992993
-3.44,0.00104505
-3.44,0.00102302
-3.44,0.00105305
-3.44,0.000960961
-3.44,0.000974975
-3.44,0.00103904
-3.44,0.00102102
-3.44,0.00103704
-3.44,0.000996997
-3.44,0.00111311
-3.43,0.0011011
-3.43,0.00112513
-3.43,0.0010951
-3.43,0.00111311
-3.43,0.00102703
-3.43,0.0011031
-3.43,0.00106306
-3.43,0.000996997
-3.43,0.00102703
-3.43,0.0010971
-3.42,0.00110711
-3.42,0.0011031
-3.42,0.00105305
-3.42,0.00105305
-3.42,0.00102903
-3.42,0.00104304
-3.42,0.00104104
-3.42,0.00107908
-3.42,0.0011011
-3.42,0.00105506
-3.41,0.00110511
-3.41,0.00112513
-3.41,0.00109109
-3.41,0.0010971
-3.41,0.00109309
-3.41,0.0010951
-3.41,0.00111512
-3.41,0.00100701
-3.41,0.00107508
-3.41,0.00114515
-3.4,0.00110911
-3.4,0.00115916
-3.4,0.00116917
-3.4,0.00112913
-3.4,0.00117317
-3.4,0.00111111
-3.4,0.00111311
-3.4,0.00117918
-3.4,0.00110911
-3.4,0.00116116
-3.39,0.00111111
-3.39,0.00123323
-3.39,0.00120721
-3.39,0.00118318
-3.39,0.00121922
-3.39,0.00121321
-3.39,0.00127127
-3.39,0.00112913
-3.39,0.00113113
-3.39,0.00121121
-3.38,0.00117117
-3.38,0.00124925
-3.38,0.00119319
-3.38,0.00115115
-3.38,0.00108709
-3.38,0.00112913
-3.38,0.00103904
-3.38,0.00116316
-3.38,0.00113514
-3.38,0.00115916
-3.37,0.00117918
-3.37,0.00118719
-3.37,0.00122523
-3.37,0.00116517
-3.37,0.00115716
-3.37,0.00124124
-3.37,0.00117518
-3.37,0.00129329
-3.37,0.00126326
-3.37,0.00130731
-3.36,0.00122322
-3.36,0.00124124
-3.36,0.00121922
-3.36,0.00126527
-3.36,0.00124525
-3.36,0.00121121
-3.36,0.00122122
-3.36,0.00128328
-3.36,0.00114314
-3.36,0.0012953
-3.35,0.00134935
-3.35,0.00132533
-3.35,0.00116917
-3.35,0.00114515
-3.35,0.00128529
-3.35,0.00123924
-3.35,0.00125726
-3.35,0.00131932
-3.35,0.00122923
-3.35,0.00126927
-3.34,0.00131532
-3.34,0.0013013
-3.34,0.00131131
-3.34,0.00125125
-3.34,0.00126727
-3.34,0.00121922
-3.34,0.00123724
-3.34,0.00131732
-3.34,0.00124525
-3.34,0.00125526
-3.33,0.00137738
-3.33,0.00119319
-3.33,0.00124324
-3.33,0.0012993
-3.33,0.00127528
-3.33,0.00133333
-3.33,0.00136937
-3.33,0.00136336
-3.33,0.00131331
-3.33,0.00134935
-3.32,0.00126326
-3.32,0.00131532
-3.32,0.00133534
-3.32,0.00134334
-3.32,0.00127928
-3.32,0.00137938
-3.32,0.00131331
-3.32,0.0012953
-3.32,0.00134735
-3.32,0.00125526
-3.31,0.00132933
-3.31,0.0012953
-3.31,0.0013954
-3.31,0.0013013
-3.31,0.00125726
-3.31,0.00140541
-3.31,0.00134935
-3.31,0.00130731
-3.31,0.00131532
-3.31,0.00130731
-3.3,0.00133534
-3.3,0.00134535
-3.3,0.00134134
-3.3,0.00137137
-3.3,0.00131331
-3.3,0.00134935
-3.3,0.00138739
-3.3,0.00148148
-3.3,0.00131732
-3.3,0.00135936
-3.29,0.00141942
-3.29,0.00143744
-3.29,0.00143343
-3.29,0.00128929
-3.29,0.00135936
-3.29,0.00140941
-3.29,0.00145546
-3.29,0.00136537
-3.29,0.00135736
-3.29,0.00136537
-3.28,0.00145746
-3.28,0.0015015
-3.28,0.00139139
-3.28,0.00141542
-3.28,0.00141942
-3.28,0.00135135
-3.28,0.00148348
-3.28,0.00133333
-3.28,0.00141542
-3.28,0.00140941
-3.27,0.00152152
-3.27,0.00152553
-3.27,0.00141341
-3.27,0.00145345
-3.27,0.00149149
-3.27,0.00139339
-3.27,0.00152953
-3.27,0.00151351
-3.27,0.0013974
-3.27,0.00142342
-3.26,0.00142943
-3.26,0.00144745
-3.26,0.00152753
-3.26,0.00145145
-3.26,0.0015015
-3.26,0.00158759
-3.26,0.00150751
-3.26,0.00144545
-3.26,0.00142943
-3.26,0.00156156
-3.25,0.00155956
-3.25,0.0014955
-3.25,0.00155155
-3.25,0.00158559
-3.25,0.00147748
-3.25,0.00158759
-3.25,0.00154755
-3.25,0.00154955
-3.25,0.00145946
-3.25,0.00155556
-3.24,0.00161562
-3.24,0.00152352
-3.24,0.00162362
-3.24,0.00152953
-3.24,0.0014975
-3.24,0.00153353
-3.24,0.00154354
-3.24,0.00151952
-3.24,0.00156957
-3.24,0.00158759
-3.23,0.0015976
-3.23,0.00156957
-3.23,0.00154955
-3.23,0.0015976
-3.23,0.00158959
-3.23,0.00156757
-3.23,0.00160761
-3.23,0.00155355
-3.23,0.0016036
-3.23,0.00174775
-3.22,0.00160561
-3.22,0.00162563
-3.22,0.00169169
-3.22,0.0015976
-3.22,0.00158559
-3.22,0.00154154
-3.22,0.00167768
-3.22,0.00162362
-3.22,0.00149149
-3.22,0.00164965
-3.21,0.0016957
-3.21,0.00174174
-3.21,0.0015996
-3.21,0.00162162
-3.21,0.0017017
-3.21,0.00162563
-3.21,0.00152753
-3.21,0.00170971
-3.21,0.00156156
-3.21,0.00157958
-3.2,0.00167367
-3.2,0.00160561
-3.2,0.00167768
-3.2,0.00167768
-3.2,0.0017017
-3.2,0.00168969
-3.2,0.00161962
-3.2,0.00164364
-3.2,0.0015996
-3.2,0.00167367
-3.19,0.00184585
-3.19,0.00162362
-3.19,0.00166366
-3.19,0.00172372
-3.19,0.00164164
-3.19,0.00172372
-3.19,0.00166767
-3.19,0.00172372
-3.19,0.00173574
-3.19,0.00175375
-3.18,0.00173574
-3.18,0.00164965
-3.18,0.00185586
-3.18,0.00180781
-3.18,0.00178178
-3.18,0.00169169
-3.18,0.00172973
-3.18,0.00176777
-3.18,0.00172172
-3.18,0.00185786
-3.17,0.00182783
-3.17,0.00180581
-3.17,0.00172372
-3.17,0.00165766
-3.17,0.00181381
-3.17,0.00180581
-3.17,0.00173574
-3.17,0.00176577
-3.17,0.00188989
-3.17,0.00175976
-3.16,0.0017998
-3.16,0.00184585
-3.16,0.00174174
-3.16,0.00178579
-3.16,0.00186386
-3.16,0.00187387
-3.16,0.0017978
-3.16,0.00178178
-3.16,0.00186987
-3.16,0.00182983
-3.15,0.00182583
-3.15,0.00183984
-3.15,0.00181982
-3.15,0.00186587
-3.15,0.00193393
-3.15,0.00176977
-3.15,0.00188789
-3.15,0.00184985
-3.15,0.00177377
-3.15,0.00193794
-3.14,0.00190591
-3.14,0.00187187
-3.14,0.00188188
-3.14,0.00196196
-3.14,0.00181782
-3.14,0.00183584
-3.14,0.00204404
-3.14,0.00178579
-3.14,0.00195195
-3.14,0.00184384
-3.13,0.00186587
-3.13,0.00187788
-3.13,0.00184384
-3.13,0.00193393
-3.13,0.00188789
-3.13,0.00197998
-3.13,0.00191992
-3.13,0.00187187
-3.13,0.0017958
-3.13,0.00185185
-3.12,0.00187788
-3.12,0.00191592
-3.12,0.00189189
-3.12,0.00208609
-3.12,0.00194394
-3.12,0.00195796
-3.12,0.00207808
-3.12,0.00195596
-3.12,0.00194595
-3.12,0.00193794
-3.11,0.00203804
-3.11,0.00211612
-3.11,0.00191792
-3.11,0.002004
-3.11,0.00209209
-3.11,0.00194194
-3.11,0.00207207
-3.11,0.0019039
-3.11,0.002004
-3.11,0.00201201
-3.1,0.00211612
-3.1,0.00202002
-3.1,0.00214615
-3.1,0.00205405
-3.1,0.00198599
-3.1,0.00202202
-3.1,0.00211211
-3.1,0.00205005
-3.1,0.00191592
-3.1,0.00206406
-3.09,0.00217818
-3.09,0.00212813
-3.09,0.00204204
-3.09,0.00225826
-3.09,0.00214615
-3.09,0.00208008
-3.09,0.00213614
-3.09,0.00218418
-3.09,0.00225225
-3.09,0.00198799
-3.08,0.00213814
-3.08,0.00213614
-3.08,0.00206206
-3.08,0.00216216
-3.08,0.00208208
-3.08,0.00223423
-3.08,0.0021041
-3.08,0.00192793
-3.08,0.00205405
-3.08,0.00221421
-3.07,0.00227628
-3.07,0.00217618
-3.07,0.00223423
-3.07,0.00219019
-3.07,0.00206006
-3.07,0.00222422
-3.07,0.00205405
-3.07,0.00214815
-3.07,0.00234034
-3.07,0.00219219
-3.06,0.00237838
-3.06,0.00225626
-3.06,0.00227027
-3.06,0.00217818
-3.06,0.00224224
-3.06,0.00216416
-3.06,0.00214014
-3.06,0.00219219
-3.06,0.00221421
-3.06,0.00226827
-3.05,0.00235035
-3.05,0.00228228
-3.05,0.00220821
-3.05,0.00227628
-3.05,0.00237838
-3.05,0.0023043
-3.05,0.00233033
-3.05,0.0023964
-3.05,0.00235435
-3.05,0.00214815
-3.04,0.00241441
-3.04,0.00227628
-3.04,0.0024024
-3.04,0.00243243
-3.04,0.00228829
-3.04,0.00235235
-3.04,0.00226226
-3.04,0.00238038
-3.04,0.00235435
-3.04,0.00223023
-3.03,0.00233634
-3.03,0.00242042
-3.03,0.00236637
-3.03,0.00244645
-3.03,0.00231632
-3.03,0.00253053
-3.03,0.00238438
-3.03,0.00237838
-3.03,0.00245646
-3.03,0.00246246
-3.02,0.00236236
-3.02,0.00228629
-3.02,0.00244044
-3.02,0.00238238
-3.02,0.00240641
-3.02,0.00253453
-3.02,0.00240841
-3.02,0.00261061
-3.02,0.00243243
-3.02,0.00256056
-3.01,0.00245846
-3.01,0.00239039
-3.01,0.00248448
-3.01,0.00236837
-3.01,0.00255255
-3.01,0.0024044
-3.01,0.00248649
-3.01,0.00245045
-3.01,0.00247247
-3.01,0.00240641
-3,0.00261461
-3,0.00259059
-3,0.00251852
-3,0.00261461
-3,0.00250851
-3,0.00261461
-3,0.00249249
-3,0.00255255
-3,0.00236637
-3,0.00243443
-2.99,0.00257457
-2.99,0.00258258
-2.99,0.00257257
-2.99,0.00262663
-2.99,0.00255856
-2.99,0.0026006
-2.99,0.00264865
-2.99,0.00256056
-2.99,0.00259259
-2.99,0.00255455
-2.98,0.00284685
-2.98,0.00255656
-2.98,0.0027007
-2.98,0.00278078
-2.98,0.00265065
-2.98,0.00260861
-2.98,0.0026006
-2.98,0.00265666
-2.98,0.00255455
-2.98,0.00251652
-2.97,0.00260861
-2.97,0.00262663
-2.97,0.00263664
-2.97,0.00267067
-2.97,0.00264865
-2.97,0.00268268
-2.97,0.00271872
-2.97,0.0027007
-2.97,0.00277477
-2.97,0.00268669
-2.96,0.00274875
-2.96,0.00279279
-2.96,0.00258058
-2.96,0.00274875
-2.96,0.00265866
-2.96,0.00273473
-2.96,0.00270671
-2.96,0.00285085
-2.96,0.00281882
-2.96,0.00273874
-2.95,0.00273874
-2.95,0.00275475
-2.95,0.00279079
-2.95,0.00282883
-2.95,0.00271471
-2.95,0.00280681
-2.95,0.00273473
-2.95,0.00283483
-2.95,0.00266867
-2.95,0.00274074
-2.94,0.00277678
-2.94,0.0027968
-2.94,0.00283283
-2.94,0.00289289
-2.94,0.00289089
-2.94,0.00289489
-2.94,0.0029049
-2.94,0.00269469
-2.94,0.00274074
-2.94,0.00284685
-2.93,0.00295896
-2.93,0.00294695
-2.93,0.00299099
-2.93,0.0029049
-2.93,0.00285686
-2.93,0.00299099
-2.93,0.00289089
-2.93,0.00290891
-2.93,0.00285285
-2.93,0.00282683
-2.92,0.00291491
-2.92,0.00297898
-2.92,0.00304905
-2.92,0.00297097
-2.92,0.00292492
-2.92,0.00305105
-2.92,0.00294695
-2.92,0.00284084
-2.92,0.00293093
-2.92,0.00278879
-2.91,0.00306907
-2.91,0.00296296
-2.91,0.00290691
-2.91,0.00298298
-2.91,0.00303103
-2.91,0.0028989
-2.91,0.00295696
-2.91,0.00292893
-2.91,0.00307508
-2.91,0.00300701
-2.9,0.00314515
-2.9,0.00299299
-2.9,0.003003
-2.9,0.00310511
-2.9,0.00318919
-2.9,0.00317718
-2.9,0.00306907
-2.9,0.00317117
-2.9,0.00331131
-2.9,0.00298699
-2.89,0.0030971
-2.89,0.00312312
-2.89,0.00317317
-2.89,0.00322122
-2.89,0.00328128
-2.89,0.00308909
-2.89,0.00313514
-2.89,0.00324124
-2.89,0.00321722
-2.89,0.00316517
-2.88,0.00316717
-2.88,0.00315315
-2.88,0.00324725
-2.88,0.00323924
-2.88,0.00311712
-2.88,0.00311712
-2.88,0.00316917
-2.88,0.00316316
-2.88,0.0031952
-2.88,0.00318318
-2.87,0.00327728
-2.87,0.00325726
-2.87,0.00317718
-2.87,0.00332132
-2.87,0.0032993
-2.87,0.00332132
-2.87,0.00337538
-2.87,0.00328529
-2.87,0.0032032
-2.87,0.00333534
-2.86,0.0033033
-2.86,0.00337137
-2.86,0.0035035
-2.86,0.00332132
-2.86,0.00341942
-2.86,0.00325926
-2.86,0.00328929
-2.86,0.00320521
-2.86,0.00322122
-2.86,0.00336537
-2.85,0.00335936
-2.85,0.00332533
-2.85,0.00340741
-2.85,0.00344344
-2.85,0.00350751
-2.85,0.00338138
-2.85,0.00344545
-2.85,0.00357758
-2.85,0.00347147
-2.85,0.0033994
-2.84,0.00342943
-2.84,0.00359359
-2.84,0.00336336
-2.84,0.00357157
-2.84,0.00353153
-2.84,0.00362563
-2.84,0.00348749
-2.84,0.00344344
-2.84,0.00346146
-2.84,0.00355355
-2.83,0.0037998
-2.83,0.00356156
-2.83,0.00358959
-2.83,0.00351752
-2.83,0.0036036
-2.83,0.00344745
-2.83,0.00366567
-2.83,0.00346747
-2.83,0.0035956
-2.83,0.00371572
-2.82,0.00376977
-2.82,0.00383383
-2.82,0.00352753
-2.82,0.00348148
-2.82,0.00359359
-2.82,0.00354154
-2.82,0.00352753
-2.82,0.00354354
-2.82,0.00372172
-2.82,0.00361762
-2.81,0.00372573
-2.81,0.00378579
-2.81,0.0038038
-2.81,0.00362162
-2.81,0.00377578
-2.81,0.00362763
-2.81,0.00370771
-2.81,0.00370971
-2.81,0.00374374
-2.81,0.00385786
-2.8,0.00369369
-2.8,0.00382583
-2.8,0.0037958
-2.8,0.00387387
-2.8,0.0037017
-2.8,0.00388989
-2.8,0.00373574
-2.8,0.00372773
-2.8,0.00381782
-2.8,0.0038018
-2.79,0.00385986
-2.79,0.0037978
-2.79,0.00384585
-2.79,0.00381381
-2.79,0.00385385
-2.79,0.00394795
-2.79,0.00394995
-2.79,0.00395996
-2.79,0.00386186
-2.79,0.00383984
-2.78,0.00403203
-2.78,0.00396196
-2.78,0.00377578
-2.78,0.00384384
-2.78,0.00398999
-2.78,0.00402803
-2.78,0.00398398
-2.78,0.00405005
-2.78,0.00378979
-2.78,0.00399399
-2.77,0.00407007
-2.77,0.00407007
-2.77,0.00411211
-2.77,0.00393794
-2.77,0.00404404
-2.77,0.00408408
-2.77,0.00415616
-2.77,0.00403203
-2.77,0.00412813
-2.77,0.00393594
-2.76,0.0042042
-2.76,0.00411812
-2.76,0.00407207
-2.76,0.00397197
-2.76,0.00417618
-2.76,0.00411011
-2.76,0.00419419
-2.76,0.0042983
-2.76,0.00396997
-2.76,0.00421221
-2.75,0.00447648
-2.75,0.00438438
-2.75,0.00422623
-2.75,0.00428428
-2.75,0.00413814
-2.75,0.00417217
-2.75,0.00447648
-2.75,0.00424625
-2.75,0.00410811
-2.75,0.00422222
-2.74,0.00435235
-2.74,0.00431031
-2.74,0.00445445
-2.74,0.00423423
-2.74,0.00412613
-2.74,0.00424024
-2.74,0.00426627
-2.74,0.00416817
-2.74,0.00427628
-2.74,0.00438839
-2.73,0.00431632
-2.73,0.00433433
-2.73,0.00443043
-2.73,0.0044004
-2.73,0.00434034
-2.73,0.00442643
-2.73,0.00430831
-2.73,0.00422022
-2.73,0.00446046
-2.73,0.00429229
-2.72,0.00466667
-2.72,0.00468468
-2.72,0.00448849
-2.72,0.00467067
-2.72,0.00433033
-2.72,0.00432232
-2.72,0.00438438
-2.72,0.00461662
-2.72,0.00453453
-2.72,0.00442442
-2.71,0.00451451
-2.71,0.00455856
-2.71,0.00441441
-2.71,0.00459059
-2.71,0.00441241
-2.71,0.00458859
-2.71,0.00453453
-2.71,0.00467067
-2.71,0.00446647
-2.71,0.00446046
-2.7,0.00466066
-2.7,0.0046046
-2.7,0.00465465
-2.7,0.00467668
-2.7,0.00462262
-2.7,0.00463864
-2.7,0.00463063
-2.7,0.00472272
-2.7,0.00462462
-2.7,0.00468268
-2.69,0.00508509
-2.69,0.00489089
-2.69,0.00462062
-2.69,0.00475275
-2.69,0.00488689
-2.69,0.00482282
-2.69,0.00493293
-2.69,0.00491091
-2.69,0.00482482
-2.69,0.00475876
-2.68,0.00497698
-2.68,0.00490691
-2.68,0.00493093
-2.68,0.00497898
-2.68,0.00506907
-2.68,0.00476276
-2.68,0.00497297
-2.68,0.00476476
-2.68,0.00485886
-2.68,0.00486486
-2.67,0.00506907
-2.67,0.00487888
-2.67,0.00504104
-2.67,0.00511512
-2.67,0.00508909
-2.67,0.00469069
-2.67,0.00494494
-2.67,0.00513714
-2.67,0.00515716
-2.67,0.00485485
-2.66,0.00514314
-2.66,0.00503303
-2.66,0.00513914
-2.66,0.0051031
-2.66,0.00500501
-2.66,0.00507508
-2.66,0.00506106
-2.66,0.00491692
-2.66,0.00508308
-2.66,0.00511912
-2.65,0.00527728
-2.65,0.00507307
-2.65,0.0053013
-2.65,0.00522923
-2.65,0.00522923
-2.65,0.00524725
-2.65,0.00495896
-2.65,0.00512112
-2.65,0.00506306
-2.65,0.00518719
-2.64,0.00524324
-2.64,0.00548749
-2.64,0.00533534
-2.64,0.00535936
-2.64,0.00532332
-2.64,0.00527928
-2.64,0.0051011
-2.64,0.00536737
-2.64,0.00528929
-2.64,0.00520921
-2.63,0.00536336
-2.63,0.00533934
-2.63,0.00528128
-2.63,0.00526126
-2.63,0.00547347
-2.63,0.0052953
-2.63,0.00534134
-2.63,0.00530531
-2.63,0.00541542
-2.63,0.00546947
-2.62,0.00532533
-2.62,0.00542142
-2.62,0.00553954
-2.62,0.00538539
-2.62,0.00565566
-2.62,0.00547347
-2.62,0.00548148
-2.62,0.00551151
-2.62,0.00545345
-2.62,0.00554154
-2.61,0.00562963
-2.61,0.00559159
-2.61,0.00554555
-2.61,0.00570771
-2.61,0.00556957
-2.61,0.0054975
-2.61,0.00552753
-2.61,0.00571371
-2.61,0.00551752
-2.61,0.00556156
-2.6,0.00576577
-2.6,0.00586587
-2.6,0.00577978
-2.6,0.00583383
-2.6,0.00578979
-2.6,0.00592392
-2.6,0.00564164
-2.6,0.00576777
-2.6,0.00583383
-2.6,0.00550751
-2.59,0.00593193
-2.59,0.00596997
-2.59,0.00574374
-2.59,0.00591792
-2.59,0.00575976
-2.59,0.00592993
-2.59,0.00582983
-2.59,0.00596997
-2.59,0.00577377
-2.59,0.00585786
-2.58,0.00616216
-2.58,0.00605005
-2.58,0.00594795
-2.58,0.00595395
-2.58,0.006002
-2.58,0.00580981
-2.58,0.00603003
-2.58,0.00596597
-2.58,0.0058999
-2.58,0.00598999
-2.57,0.00608408
-2.57,0.006004
-2.57,0.00614014
-2.57,0.00632432
-2.57,0.00615616
-2.57,0.00614815
-2.57,0.00606406
-2.57,0.00643243
-2.57,0.006
-2.57,0.00609009
-2.56,0.00629229
-2.56,0.00605405
-2.56,0.00622022
-2.56,0.00625826
-2.56,0.00635235
-2.56,0.00619419
-2.56,0.0063003
-2.56,0.00617017
-2.56,0.00637037
-2.56,0.00625626
-2.55,0.00626426
-2.55,0.00625225
-2.55,0.00657257
-2.55,0.00633433
-2.55,0.00633834
-2.55,0.00614214
-2.55,0.00626627
-2.55,0.0065045
-2.55,0.0064965
-2.55,0.0064044
-2.54,0.00670871
-2.54,0.00634034
-2.54,0.00653053
-2.54,0.00653253
-2.54,0.00655656
-2.54,0.00665666
-2.54,0.00661261
-2.54,0.0064965
-2.54,0.00659059
-2.54,0.00646647
-2.53,0.00651451
-2.53,0.00668268
-2.53,0.00641842
-2.53,0.00646246
-2.53,0.00667668
-2.53,0.00642442
-2.53,0.00677477
-2.53,0.00684084
-2.53,0.00671071
-2.53,0.00661061
-2.52,0.0069009
-2.52,0.00696096
-2.52,0.0067047
-2.52,0.00674074
-2.52,0.00669069
-2.52,0.00674675
-2.52,0.00663864
-2.52,0.00692492
-2.52,0.00662062
-2.52,0.00684084
-2.51,0.00694494
-2.51,0.00696096
-2.51,0.00702903
-2.51,0.00688889
-2.51,0.0068969
-2.51,0.00702102
-2.51,0.00696496
-2.51,0.00686086
-2.51,0.00687888
-2.51,0.00676076
-2.5,0.00704905
-2.5,0.00716517
-2.5,0.00698699
-2.5,0.00710511
-2.5,0.00697097
-2.5,0.00711311
-2.5,0.00723323
-2.5,0.00735135
-2.5,0.00711512
-2.5,0.00694895
-2.49,0.0072993
-2.49,0.00717317
-2.49,0.00734134
-2.49,0.00702903
-2.49,0.00714915
-2.49,0.00724525
-2.49,0.00706507
-2.49,0.00724124
-2.49,0.00721722
-2.49,0.00726727
-2.48,0.00745546
-2.48,0.00736737
-2.48,0.0073033
-2.48,0.00728929
-2.48,0.00732933
-2.48,0.00722923
-2.48,0.00724925
-2.48,0.00741341
-2.48,0.00720921
-2.48,0.00735736
-2.47,0.00757558
-2.47,0.00720921
-2.47,0.00767568
-2.47,0.00765165
-2.47,0.00757157
-2.47,0.00760561
-2.47,0.00751952
-2.47,0.00752553
-2.47,0.00768769
-2.47,0.00727728
-2.46,0.0075956
-2.46,0.00761762
-2.46,0.00793794
-2.46,0.00775375
-2.46,0.00745946
-2.46,0.00741542
-2.46,0.00764364
-2.46,0.00785786
-2.46,0.0076016
-2.46,0.0077017
-2.45,0.00802202
-2.45,0.00778979
-2.45,0.00782983
-2.45,0.00763764
-2.45,0.00780981
-2.45,0.00788789
-2.45,0.00793594
-2.45,0.0079019
-2.45,0.00777978
-2.45,0.00768969
-2.44,0.00801602
-2.44,0.00816216
-2.44,0.0079019
-2.44,0.00804805
-2.44,0.00806807
-2.44,0.00817417
-2.44,0.00796196
-2.44,0.00802002
-2.44,0.00830631
-2.44,0.00815215
-2.43,0.0082042
-2.43,0.00833634
-2.43,0.00806607
-2.43,0.00832232
-2.43,0.00822422
-2.43,0.00795996
-2.43,0.00827027
-2.43,0.0082002
-2.43,0.00816016
-2.43,0.00829229
-2.42,0.00815616
-2.42,0.00834434
-2.42,0.0082963
-2.42,0.00823023
-2.42,0.00835235
-2.42,0.00860661
-2.42,0.0083023
-2.42,0.00822022
-2.42,0.00841041
-2.42,0.00834835
-2.41,0.00843043
-2.41,0.00830631
-2.41,0.00860661
-2.41,0.00853854
-2.41,0.00847648
-2.41,0.00854655
-2.41,0.0086026
-2.41,0.00822222
-2.41,0.00856456
-2.41,0.00885285
-2.4,0.00880881
-2.4,0.00867668
-2.4,0.00883483
-2.4,0.00867868
-2.4,0.00855255
-2.4,0.0088989
-2.4,0.00854254
-2.4,0.00872673
-2.4,0.00881682
-2.4,0.00893293
-2.39,0.00868468
-2.39,0.0090951
-2.39,0.00891892
-2.39,0.00897097
-2.39,0.00883083
-2.39,0.00894695
-2.39,0.00883283
-2.39,0.00911712
-2.39,0.00902503
-2.39,0.00897698
-2.38,0.00913113
-2.38,0.00902102
-2.38,0.00919319
-2.38,0.00907307
-2.38,0.00913914
-2.38,0.00913914
-2.38,0.00905706
-2.38,0.00901902
-2.38,0.00908909
-2.38,0.00915716
-2.37,0.00946346
-2.37,0.00905305
-2.37,0.00942142
-2.37,0.0091972
-2.37,0.00920921
-2.37,0.00920521
-2.37,0.00940741
-2.37,0.00923123
-2.37,0.00945546
-2.37,0.00929329
-2.36,0.00952352
-2.36,0.00955155
-2.36,0.00956757
-2.36,0.00956557
-2.36,0.00946346
-2.36,0.00941341
-2.36,0.00946346
-2.36,0.00946146
-2.36,0.00958559
-2.36,0.00970971
-2.35,0.00962963
-2.35,0.00978579
-2.35,0.0100641
-2.35,0.00988589
-2.35,0.00971572
-2.35,0.00977177
-2.35,0.00983984
-2.35,0.00975776
-2.35,0.010046
-2.35,0.00965566
-2.34,0.00996797
-2.34,0.0096977
-2.34,0.00985385
-2.34,0.0100541
-2.34,0.0101602
-2.34,0.0101782
-2.34,0.00993193
-2.34,0.0101682
-2.34,0.0100501
-2.34,0.0101341
-2.33,0.0102803
-2.33,0.0102002
-2.33,0.0102422
-2.33,0.0101622
-2.33,0.0100921
-2.33,0.00992993
-2.33,0.00992192
-2.33,0.0101982
-2.33,0.0103383
-2.33,0.0103964
-2.32,0.0103163
-2.32,0.0104344
-2.32,0.0105666
-2.32,0.0102442
-2.32,0.0104144
-2.32,0.0106747
-2.32,0.0104444
-2.32,0.0105345
-2.32,0.0104064
-2.32,0.0105686
-2.31,0.0109129
-2.31,0.0106206
-2.31,0.0106186
-2.31,0.0107447
-2.31,0.0107067
-2.31,0.0106847
-2.31,0.0107247
-2.31,0.0105746
-2.31,0.0108008
-2.31,0.0108669
-2.3,0.0108448
-2.3,0.0105125
-2.3,0.0108248
-2.3,0.0107287
-2.3,0.0106947
-2.3,0.0107808
-2.3,0.0106166
-2.3,0.0109429
-2.3,0.0108789
-2.3,0.0106967
-2.29,0.0113333
-2.29,0.0111572
-2.29,0.0110951
-2.29,0.0111892
-2.29,0.0113213
-2.29,0.0111071
-2.29,0.0108148
-2.29,0.0108749
-2.29,0.0112252
-2.29,0.0111171
-2.28,0.0111371
-2.28,0.0113834
-2.28,0.0111632
-2.28,0.0111231
-2.28,0.0112533
-2.28,0.0113113
-2.28,0.0113974
-2.28,0.0113433
-2.28,0.0113994
-2.28,0.0110791
-2.27,0.0114274
-2.27,0.0116336
-2.27,0.0115455
-2.27,0.0115916
-2.27,0.0117878
-2.27,0.0114935
-2.27,0.0113874
-2.27,0.0116316
-2.27,0.0116617
-2.27,0.0116016
-2.26,0.011956
-2.26,0.0115596
-2.26,0.01197
-2.26,0.0119419
-2.26,0.0119159
-2.26,0.0117638
-2.26,0.0117297
-2.26,0.0117558
-2.26,0.0119319
-2.26,0.0118138
-2.25,0.0121081
-2.25,0.0121061
-2.25,0.011982
-2.25,0.0121702
-2.25,0.0122703
-2.25,0.0122382
-2.25,0.0121922
-2.25,0.0117858
-2.25,0.012048
-2.25,0.0123323
-2.24,0.0125045
-2.24,0.0124004
-2.24,0.0122823
-2.24,0.0122482
-2.24,0.0122503
-2.24,0.0122062
-2.24,0.0123243
-2.24,0.0124785
-2.24,0.0124004
-2.24,0.0124204
-2.23,0.0128609
-2.23,0.0126486
-2.23,0.0127588
-2.23,0.0129269
-2.23,0.0125666
-2.23,0.0127267
-2.23,0.0125726
-2.23,0.0127467
-2.23,0.0127427
-2.23,0.0129329
-2.22,0.0128008
-2.22,0.0130591
-2.22,0.0132072
-2.22,0.0130611
-2.22,0.012981
-2.22,0.012993
-2.22,0.0130951
-2.22,0.013025
-2.22,0.0131291
-2.22,0.013023
-2.21,0.0130891
-2.21,0.0133894
-2.21,0.0132533
-2.21,0.0131311
-2.21,0.0129349
-2.21,0.0131051
-2.21,0.0135415
-2.21,0.0132392
-2.21,0.0133814
-2.21,0.0129149
-2.2,0.0136136
-2.2,0.0137558
-2.2,0.0136116
-2.2,0.0137297
-2.2,0.0136016
-2.2,0.0133854
-2.2,0.0136597
-2.2,0.0133514
-2.2,0.0136557
-2.2,0.0133654
-2.19,0.0135976
-2.19,0.013972
-2.19,0.0137958
-2.19,0.0139159
-2.19,0.0138519
-2.19,0.0136757
-2.19,0.0138639
-2.19,0.0138819
-2.19,0.0138879
-2.19,0.0140581
-2.18,0.0141101
-2.18,0.0140961
-2.18,0.014034
-2.18,0.0143944
-2.18,0.0140581
-2.18,0.0137197
-2.18,0.013972
-2.18,0.014032
-2.18,0.0142402
-2.18,0.0142002
-2.17,0.0145385
-2.17,0.0143283
-2.17,0.0145285
-2.17,0.0144184
-2.17,0.0146346
-2.17,0.0146346
-2.17,0.0148048
-2.17,0.0143644
-2.17,0.0147427
-2.17,0.0141101
-2.16,0.0146927
-2.16,0.0145145
-2.16,0.0150591
-2.16,0.015007
-2.16,0.0148048
-2.16,0.0146066
-2.16,0.0145806
-2.16,0.014991
-2.16,0.0148849
-2.16,0.0147327
-2.15,0.0148849
-2.15,0.0152593
-2.15,0.0153473
-2.15,0.0151271
-2.15,0.0154835
-2.15,0.0150931
-2.15,0.0152292
-2.15,0.0150631
-2.15,0.0149369
-2.15,0.015005
-2.14,0.0153473
-2.14,0.0152853
-2.14,0.0154094
-2.14,0.0154234
-2.14,0.0156116
-2.14,0.0158318
-2.14,0.0156577
-2.14,0.0155395
-2.14,0.0152052
-2.14,0.0156016
-2.13,0.0158258
-2.13,0.0161341
-2.13,0.015952
-2.13,0.0160921
-2.13,0.0155055
-2.13,0.0158318
-2.13,0.0155696
-2.13,0.0158138
-2.13,0.015964
-2.13,0.01598
-2.12,0.0163343
-2.12,0.0161021
-2.12,0.0162883
-2.12,0.0161321
-2.12,0.015978
-2.12,0.0158599
-2.12,0.0161061
-2.12,0.0159259
-2.12,0.016004
-2.12,0.0161421
-2.11,0.0166106
-2.11,0.0166747
-2.11,0.0163924
-2.11,0.0165666
-2.11,0.0167487
-2.11,0.0164925
-2.11,0.0167948
-2.11,0.0166527
-2.11,0.0168769
-2.11,0.0168188
-2.1,0.0167888
-2.1,0.0174174
-2.1,0.0167447
-2.1,0.016985
-2.1,0.0169189
-2.1,0.0166106
-2.1,0.0170831
-2.1,0.016957
-2.1,0.0170711
-2.1,0.0167748
-2.09,0.0172993
-2.09,0.0174795
-2.09,0.0170631
-2.09,0.0172452
-2.09,0.0172312
-2.09,0.0174354
-2.09,0.0172753
-2.09,0.0173814
-2.09,0.0171832
-2.09,0.0173894
-2.08,0.0177037
-2.08,0.0176496
-2.08,0.0177457
-2.08,0.0173674
-2.08,0.0176917
-2.08,0.0178759
-2.08,0.0174535
-2.08,0.0176496
-2.08,0.0177658
-2.08,0.0174835
-2.07,0.0181622
-2.07,0.0180561
-2.07,0.0182523
-2.07,0.0183063
-2.07,0.018
-2.07,0.0178959
-2.07,0.0181922
-2.07,0.0184344
-2.07,0.0179119
-2.07,0.0182623
-2.06,0.0185626
-2.06,0.0182903
-2.06,0.0186527
-2.06,0.0186907
-2.06,0.0183203
-2.06,0.0184344
-2.06,0.0184364
-2.06,0.0180681
-2.06,0.0184565
-2.06,0.0185606
-2.05,0.0187087
-2.05,0.018951
-2.05,0.0189369
-2.05,0.0188288
-2.05,0.019019
-2.05,0.018995
-2.05,0.0188048
-2.05,0.0187688
-2.05,0.0186787
-2.05,0.019015
-2.04,0.0195616
-2.04,0.0192913
-2.04,0.0195475
-2.04,0.0196496
-2.04,0.0198118
-2.04,0.0192172
-2.04,0.0193774
-2.04,0.019035
-2.04,0.0195616
-2.04,0.0196577
-2.03,0.019992
-2.03,0.0197457
-2.03,0.0197878
-2.03,0.0198178
-2.03,0.0199199
-2.03,0.0200961
-2.03,0.0196416
-2.03,0.0199319
-2.03,0.0196917
-2.03,0.0199019
-2.02,0.0203544
-2.02,0.0206126
-2.02,0.0204805
-2.02,0.0206266
-2.02,0.0205245
-2.02,0.0198318
-2.02,0.0204945
-2.02,0.0202543
-2.02,0.0201261
-2.02,0.020012
-2.01,0.0212252
-2.01,0.0207868
-2.01,0.0205546
-2.01,0.020993
-2.01,0.0206867
-2.01,0.0207828
-2.01,0.020993
-2.01,0.0209029
-2.01,0.0205646
-2.01,0.0206026
-2,0.0211872
-2,0.0212953
-2,0.0212713
-2,0.0211992
-2,0.0211251
-2,0.0216997
-2,0.0208088
-2,0.0210511
-2,0.021045
-2,0.0214354
-1.99,0.0222663
-1.99,0.0215395
-1.99,0.0220701
-1.99,0.0215976
-1.99,0.0215415
-1.99,0.0219319
-1.99,0.0219499
-1.99,0.0219019
-1.99,0.0216336
-1.99,0.0218939
-1.98,0.0224004
-1.98,0.0220821
-1.98,0.0226166
-1.98,0.0222603
-1.98,0.0227027
-1.98,0.0225185
-1.98,0.0220781
-1.98,0.0223844
-1.98,0.0219219
-1.98,0.0227668
-1.97,0.0230951
-1.97,0.0230811
-1.97,0.0226326
-1.97,0.0223343
-1.97,0.022989
-1.97,0.0231291
-1.97,0.0228408
-1.97,0.0231091
-1.97,0.0231692
-1.97,0.0232633
-1.96,0.0237818
-1.96,0.0234975
-1.96,0.0236697
-1.96,0.0234414
-1.96,0.0233233
-1.96,0.0235435
-1.96,0.0231151
-1.96,0.0238258
-1.96,0.0233994
-1.96,0.0233814
-1.95,0.023958
-1.95,0.0240561
-1.95,0.0241061
-1.95,0.0242943
-1.95,0.0243223
-1.95,0.0237958
-1.95,0.0238298
-1.95,0.024
-1.95,0.0237858
-1.95,0.0238458
-1.94,0.0244525
-1.94,0.0244104
-1.94,0.0244925
-1.94,0.0244545
-1.94,0.0245646
-1.94,0.0245185
-1.94,0.024951
-1.94,0.0243684
-1.94,0.0237397
-1.94,0.0247127
-1.93,0.0255135
-1.93,0.0253974
-1.93,0.0247427
-1.93,0.0251411
-1.93,0.0252432
-1.93,0.0255636
-1.93,0.0252673
-1.93,0.0251391
-1.93,0.0254815
-1.93,0.0256116
-1.92,0.0256717
-1.92,0.0254675
-1.92,0.0259079
-1.92,0.025952
-1.92,0.0258639
-1.92,0.0261902
-1.92,0.0259139
-1.92,0.0263984
-1.92,0.0257157
-1.92,0.0258839
-1.91,0.0267508
-1.91,0.0265786
-1.91,0.0267568
-1.91,0.0263303
-1.91,0.0264104
-1.91,0.0267107
-1.91,0.0268288
-1.91,0.0263123
-1.91,0.0261902
-1.91,0.0259459
-1.9,0.0271271
-1.9,0.0274795
-1.9,0.0266527
-1.9,0.0271331
-1.9,0.0267027
-1.9,0.0274775
-1.9,0.0271031
-1.9,0.027025
-1.9,0.0273834
-1.9,0.0273293
-1.89,0.0275696
-1.89,0.0279119
-1.89,0.0276436
-1.89,0.0277818
-1.89,0.0283604
-1.89,0.0277057
-1.89,0.028012
-1.89,0.0276877
-1.89,0.0282462
-1.89,0.0283644
-1.88,0.0285526
-1.88,0.0286166
-1.88,0.0287828
-1.88,0.0286046
-1.88,0.028995
-1.88,0.0283744
-1.88,0.0286927
-1.88,0.0284765
-1.88,0.0287167
-1.88,0.0291892
-1.87,0.0293173
-1.87,0.0295636
-1.87,0.0291391
-1.87,0.029035
-1.87,0.0293674
-1.87,0.0294294
-1.87,0.028977
-1.87,0.0293574
-1.87,0.0295335
-1.87,0.029011
-1.86,0.0299159
-1.86,0.03
-1.86,0.0301742
-1.86,0.0298258
-1.86,0.0297097
-1.86,0.0302162
-1.86,0.0301902
-1.86,0.0302503
-1.86,0.0302783
-1.86,0.0301922
-1.85,0.0304705
-1.85,0.0307347
-1.85,0.0306386
-1.85,0.0304224
-1.85,0.0309449
-1.85,0.030983
-1.85,0.0306066
-1.85,0.0307508
-1.85,0.030961
-1.85,0.0307628
-1.84,0.0316276
-1.84,0.0313514
-1.84,0.0317638
-1.84,0.0313594
-1.84,0.0316116
-1.84,0.0321001
-1.84,0.0314595
-1.84,0.0318338
-1.84,0.0314615
-1.84,0.0323504
-1.83,0.0325345
-1.83,0.0323343
-1.83,0.0322222
-1.83,0.0326727
-1.83,0.0322883
-1.83,0.0323203
-1.83,0.032042
-1.83,0.0328509
-1.83,0.03197
-1.83,0.0325726
-1.82,0.0338018
-1.82,0.032963
-1.82,0.0334254
-1.82,0.0330691
-1.82,0.0333413
-1.82,0.0333193
-1.82,0.0334174
-1.82,0.0336156
-1.82,0.0334855
-1.82,0.0338398
-1.81,0.0337638
-1.81,0.0343163
-1.81,0.034036
-1.81,0.0346346
-1.81,0.0344505
-1.81,0.0344765
-1.81,0.0336276
-1.81,0.03402
-1.81,0.0344164
-1.81,0.0341481
-1.8,0.034997
-1.8,0.0356176
-1.8,0.0347267
-1.8,0.0347708
-1.8,0.0357477
-1.8,0.0351471
-1.8,0.0356476
-1.8,0.0352613
-1.8,0.0352933
-1.8,0.0349129
-1.79,0.0362142
-1.79,0.0360521
-1.79,0.036046
-1.79,0.0355355
-1.79,0.0361141
-1.79,0.0359239
-1.79,0.0359499
-1.79,0.0363323
-1.79,0.0358498
-1.79,0.035958
-1.78,0.0364745
-1.78,0.0368248
-1.78,0.037019
-1.78,0.0372152
-1.78,0.0367828
-1.78,0.0377818
-1.78,0.0368468
-1.78,0.0367347
-1.78,0.0374915
-1.78,0.037049
-1.77,0.0376416
-1.77,0.0384925
-1.77,0.03801
-1.77,0.0381542
-1.77,0.0386126
-1.77,0.038002
-1.77,0.0382743
-1.77,0.038004
-1.77,0.0381121
-1.77,0.0379179
-1.76,0.0392392
-1.76,0.0391992
-1.76,0.0391011
-1.76,0.0391972
-1.76,0.0392993
-1.76,0.0397217
-1.76,0.0393614
-1.76,0.0391151
-1.76,0.0398999
-1.76,0.0396717
-1.75,0.0401942
-1.75,0.0405846
-1.75,0.0398358
-1.75,0.0401562
-1.75,0.0400801
-1.75,0.0403043
-1.75,0.039982
-1.75,0.0408108
-1.75,0.0407688
-1.75,0.0407047
-1.74,0.0413453
-1.74,0.0417177
-1.74,0.0417798
-1.74,0.0414635
-1.74,0.0417598
-1.74,0.0411031
-1.74,0.0416777
-1.74,0.0412032
-1.74,0.0416096
-1.74,0.042032
-1.73,0.0431291
-1.73,0.042955
-1.73,0.0428128
-1.73,0.0431031
-1.73,0.0428308
-1.73,0.0426386
-1.73,0.0422763
-1.73,0.0422543
-1.73,0.0420621
-1.73,0.0427908
-1.72,0.0438559
-1.72,0.0440561
-1.72,0.0442563
-1.72,0.0444284
-1.72,0.0435976
-1.72,0.0444324
-1.72,0.0440941
-1.72,0.0442683
-1.72,0.0444885
-1.72,0.0443584
-1.71,0.0456316
-1.71,0.0453594
-1.71,0.0456857
-1.71,0.0463243
-1.71,0.0451812
-1.71,0.0452392
-1.71,0.0454935
-1.71,0.0460841
-1.71,0.0457878
-1.71,0.0452953
-1.7,0.0476156
-1.7,0.0472092
-1.7,0.0469029
-1.7,0.0467788
-1.7,0.0467347
-1.7,0.0469109
-1.7,0.0472072
-1.7,0.0474675
-1.7,0.0471231
-1.7,0.0471532
-1.69,0.0482723
-1.69,0.0486627
-1.69,0.0481101
-1.69,0.0480821
-1.69,0.0476917
-1.69,0.0486707
-1.69,0.0474955
-1.69,0.0487808
-1.69,0.0486667
-1.69,0.0491471
-1.68,0.0505225
-1.68,0.0496476
-1.68,0.0500721
-1.68,0.0500621
-1.68,0.0502663
-1.68,0.0504144
-1.68,0.0500921
-1.68,0.0495636
-1.68,0.0501121
-1.68,0.0500741
-1.67,0.0512392
-1.67,0.050997
-1.67,0.052
-1.67,0.0513473
-1.67,0.0516717
-1.67,0.0523544
-1.67,0.0519219
-1.67,0.0519459
-1.67,0.0524665
-1.67,0.0517417
-1.66,0.0532472
-1.66,0.0537638
-1.66,0.0537177
-1.66,0.0533493
-1.66,0.0533313
-1.66,0.0530711
-1.66,0.0535836
-1.66,0.0534555
-1.66,0.0533233
-1.66,0.05398
-1.65,0.0552232
-1.65,0.0554034
-1.65,0.0554234
-1.65,0.0547367
-1.65,0.0558498
-1.65,0.0547327
-1.65,0.0554635
-1.65,0.055029
-1.65,0.0554074
-1.65,0.0552272
-1.64,0.0574134
-1.64,0.0564585
-1.64,0.0577798
-1.64,0.0572973
-1.64,0.0574034
-1.64,0.0581381
-1.64,0.0568949
-1.64,0.0573594
-1.64,0.0573994
-1.64,0.0572132
-1.63,0.0588889
-1.63,0.0585345
-1.63,0.0591471
-1.63,0.0591411
-1.63,0.0591391
-1.63,0.0591772
-1.63,0.0588769
-1.63,0.0594414
-1.63,0.0581982
-1.63,0.0587988
-1.62,0.0621041
-1.62,0.0615996
-1.62,0.0616416
-1.62,0.062022
-1.62,0.0612272
-1.62,0.0617738
-1.62,0.0613794
-1.62,0.0606927
-1.62,0.0612452
-1.62,0.0606466
-1.61,0.0631271
-1.61,0.0637898
-1.61,0.063996
-1.61,0.063968
-1.61,0.0641822
-1.61,0.0642162
-1.61,0.0648108
-1.61,0.0639239
-1.61,0.0649049
-1.61,0.0640881
-1.6,0.0670711
-1.6,0.0664845
-1.6,0.0658158
-1.6,0.0666507
-1.6,0.066018
-1.6,0.0659339
-1.6,0.0662603
-1.6,0.0673754
-1.6,0.0665245
-1.6,0.0661682
-1.59,0.0692052
-1.59,0.0688909
-1.59,0.0694294
-1.59,0.0694555
-1.59,0.0686947
-1.59,0.0692813
-1.59,0.0688068
-1.59,0.0685065
-1.59,0.0694414
-1.59,0.069041
-1.58,0.0726426
-1.58,0.0728088
-1.58,0.0730991
-1.58,0.0724464
-1.58,0.0726186
-1.58,0.0726346
-1.58,0.0733794
-1.58,0.0740861
-1.58,0.0727548
-1.58,0.072046
-1.57,0.0755596
-1.57,0.0768108
-1.57,0.0760621
-1.57,0.0767427
-1.57,0.0765225
-1.57,0.0756797
-1.57,0.0765245
-1.57,0.0769129
-1.57,0.0772673
-1.57,0.0756597
-1.56,0.0791852
-1.56,0.0795796
-1.56,0.0805946
-1.56,0.0797017
-1.56,0.079035
-1.56,0.0802803
-1.56,0.0807688
-1.56,0.0803624
-1.56,0.0797017
-1.56,0.0799319
-1.55,0.0842102
-1.55,0.0834034
-1.55,0.0850851
-1.55,0.084961
-1.55,0.0841161
-1.55,0.0840821
-1.55,0.0847608
-1.55,0.0839199
-1.55,0.0839439
-1.55,0.0854014
-1.54,0.0904204
-1.54,0.0905886
-1.54,0.0898218
-1.54,0.0906847
-1.54,0.0901622
-1.54,0.0911932
-1.54,0.0914354
-1.54,0.090997
-1.54,0.0910751
-1.54,0.090957
-1.53,0.0976817
-1.53,0.0995716
-1.53,0.0984364
-1.53,0.0981762
-1.53,0.0984825
-1.53,0.0994494
-1.53,0.0991732
-1.53,0.100206
-1.53,0.0991612
-1.53,0.0986727
-1.52,0.109015
-1.52,0.114078
-1.52,0.11373
-1.52,0.111536
-1.52,0.112567
-1.52,0.111792
-1.52,0.114106
-1.52,0.112382
-1.52,0.115928
-1.52,0.117395
-1.51,0.158649
-1.51,0.999447
-1.51,0.999988
-1.51,0.999978
-1.51,0.999992
-1.51,0.999982
-1.51,0.999982
-1.51,0.999982
-1.51,0.99998
-1.51,0.999986
-1.5,0.99999
-1.5,0.99999
-1.5,0.999992
-1.5,0.999986
-1.5,0.999982
-1.5,0.999984
-1.5,0.999978
-1.5,0.999984
-1.5,0.999988
-1.5,0.999976
-1.49,0.999972
-1.49,0.999974
-1.49,0.999982
-1.49,0.99998
-1.49,0.999986
-1.49,0.999984
-1.49,0.999984
-1.49,0.999986
-1.49,0.999978
-1.49,0.999994
-1.48,0.999986
-1.48,0.99999
-1.48,0.999986
-1.48,0.999982
-1.48,0.999986
-1.48,0.999984
-1.48,0.999986
-1.48,0.999986
-1.48,0.999988
-1.48,0.999984
-1.47,0.999982
-1.47,0.99999
-1.47,0.999984
-1.47,0.999976
-1.47,0.999986
-1.47,0.999984
-1.47,0.999988
-1.47,0.999984
-1.47,0.999984
-1.47,0.999972
-1.46,0.999976
-1.46,0.999984
-1.46,0.99999
-1.46,0.999964
-1.46,0.999978
-1.46,0.99998
-1.46,0.999988
-1.46,0.999986
-1.46,0.99998
-1.46,0.99999
-1.45,0.999976
-1.45,0.999982
-1.45,0.999986
-1.45,0.999986
-1.45,0.99999
-1.45,0.999984
-1.45,0.99999
-1.45,0.999984
-1.45,0.999978
-1.45,0.999988
-1.44,0.999988
-1.44,0.999984
-1.44,0.999988
-1.44,0.999984
-1.44,0.99999
-1.44,0.99999
-1.44,0.99999
-1.44,0.99997
-1.44,0.999992
-1.44,0.999978
-1.43,0.99999
-1.43,0.999992
-1.43,0.999984
-1.43,0.999984
-1.43,0.999984
-1.43,0.999992
-1.43,0.999976
-1.43,0.999982
-1.43,0.999984
-1.43,0.99998
-1.42,0.999984
-1.42,0.999984
-1.42,0.999984
-1.42,0.999978
-1.42,0.999988
-1.42,0.999986
-1.42,0.999984
-1.42,0.999986
-1.42,0.999984
-1.42,0.999986
-1.41,0.99999
-1.41,0.999988
-1.41,0.99999
-1.41,0.999992
-1.41,0.999992
-1.41,0.999986
-1.41,0.99998
-1.41,0.999988
-1.41,0.999984
-1.41,0.999982
-1.4,0.999988
-1.4,0.99998
-1.4,0.999974
-1.4,0.999994
-1.4,0.999984
-1.4,0.999988
-1.4,0.999982
-1.4,0.999988
-1.4,0.999988
-1.4,0.999984
-1.39,0.999982
-1.39,0.999992
-1.39,0.999992
-1.39,0.999994
-1.39,0.999992
-1.39,0.999994
-1.39,0.999984
-1.39,0.999986
-1.39,0.99999
-1.39,0.99999
-1.38,0.999994
-1.38,0.999986
-1.38,0.999988
-1.38,0.999988
-1.38,0.999982
-1.38,0.999994
-1.38,0.999984
-1.38,0.999984
-1.38,0.999988
-1.38,0.999984
-1.37,0.999988
-1.37,0.999992
-1.37,0.99999
-1.37,0.999976
-1.37,0.999992
-1.37,0.999988
-1.37,0.999984
-1.37,0.999984
-1.37,0.99999
-1.37,0.999984
-1.36,0.99998
-1.36,0.999988
-1.36,0.999974
-1.36,0.999988
-1.36,0.999988
-1.36,0.999984
-1.36,0.99999
-1.36,0.999984
-1.36,0.999976
-1.36,0.999982
-1.35,0.999984
-1.35,0.99999
-1.35,0.999994
-1.35,0.999998
-1.35,0.999992
-1.35,0.999996
-1.35,0.999992
-1.35,0.999992
-1.35,0.999986
-1.35,0.999984
-1.34,0.999986
-1.34,0.999992
-1.34,0.99999
-1.34,0.999986
-1.34,0.99999
-1.34,0.999982
-1.34,0.99998
-1.34,0.99999
-1.34,0.999982
-1.34,0.999992
-1.33,0.999994
-1.33,0.99999
-1.33,0.999992
-1.33,0.999984
-1.33,0.999988
-1.33,0.999996
-1.33,0.999984
-1.33,0.999992
-1.33,0.999994
-1.33,0.999994
-1.32,0.999988
-1.32,0.999986
-1.32,0.999996
-1.32,0.999992
-1.32,0.99999
-1.32,0.999986
-1.32,0.999986
-1.32,0.999988
-1.32,0.999988
-1.32,0.999984
-1.31,0.999992
-1.31,0.99999
-1.31,0.99999
-1.31,0.99999
-1.31,0.999996
-1.31,0.999996
-1.31,0.999988
-1.31,0.99999
-1.31,0.99999
-1.31,0.99999
-1.3,0.999986
-1.3,0.999988
-1.3,0.999992
-1.3,0.99999
-1.3,0.99999
-1.3,0.99999
-1.3,0.999992
-1.3,0.99999
-1.3,0.99998
-1.3,0.999994
-1.29,0.99999
-1.29,0.99999
-1.29,0.999994
-1.29,0.99999
-1.29,0.999992
-1.29,0.999994
-1.29,0.99998
-1.29,0.999988
-1.29,0.999978
-1.29,0.99999
-1.28,0.999988
-1.28,0.999988
-1.28,0.999986
-1.28,0.999994
-1.28,0.999994
-1.28,0.999986
-1.28,0.999988
-1.28,0.999994
-1.28,0.999988
-1.28,0.999984
-1.27,0.999996
-1.27,0.999982
-1.27,0.99999
-1.27,0.999986
-1.27,0.999988
-1.27,0.999988
-1.27,0.999994
-1.27,0.99999
-1.27,0.99999
-1.27,0.999988
-1.26,0.999988
-1.26,0.99999
-1.26,0.999994
-1.26,0.999984
-1.26,0.999988
-1.26,0.999992
-1.26,0.99999
-1.26,0.999994
-1.26,0.99999
-1.26,0.999992
-1.25,0.99999
-1.25,0.999988
-1.25,0.999982
-1.25,0.999982
-1.25,0.999986
-1.25,0.999994
-1.25,0.999984
-1.25,0.99999
-1.25,0.999992
-1.25,0.999986
-1.24,0.999994
-1.24,0.99999
-1.24,0.999998
-1.24,0.99999
-1.24,0.999992
-1.24,0.99999
-1.24,0.999982
-1.24,0.999984
-1.24,0.999994
-1.24,0.999986
-1.23,0.999998
-1.23,0.999998
-1.23,0.999984
-1.23,0.999988
-1.23,0.999994
-1.23,0.999984
-1.23,0.99999
-1.23,0.999992
-1.23,0.99999
-1.23,0.999988
-1.22,0.99999
-1.22,0.999992
-1.22,0.999982
-1.22,0.99999
-1.22,0.999992
-1.22,0.999992
-1.22,0.999996
-1.22,0.99999
-1.22,0.999988
-1.22,0.999988
-1.21,0.999984
-1.21,0.999998
-1.21,0.99998
-1.21,0.999992
-1.21,0.999988
-1.21,0.999992
-1.21,0.99998
-1.21,0.999996
-1.21,0.999992
-1.21,0.99999
-1.2,0.99999
-1.2,0.99999
-1.2,0.999996
-1.2,0.999998
-1.2,0.999988
-1.2,0.999996
-1.2,0.999988
-1.2,0.999994
-1.2,0.999996
-1.2,0.999994
-1.19,0.99999
-1.19,0.999996
-1.19,0.999988
-1.19,0.999996
-1.19,0.999994
-1.19,0.999984
-1.19,0.999986
-1.19,0.999992
-1.19,0.999984
-1.19,0.999994
-1.18,0.999992
-1.18,0.999998
-1.18,0.99999
-1.18,0.999988
-1.18,0.999988
-1.18,0.99999
-1.18,0.999992
-1.18,0.999986
-1.18,0.99999
-1.18,0.999992
-1.17,0.999988
-1.17,0.999994
-1.17,0.999998
-1.17,0.999992
-1.17,0.999998
-1.17,0.999988
-1.17,0.999994
-1.17,0.999994
-1.17,0.999994
-1.17,0.999996
-1.16,0.999988
-1.16,0.999994
-1.16,0.999998
-1.16,0.99999
-1.16,0.99999
-1.16,0.999988
-1.16,0.999996
-1.16,0.999998
-1.16,0.999984
-1.16,0.999988
-1.15,0.999994
-1.15,0.999992
-1.15,0.999992
-1.15,0.999992
-1.15,0.999984
-1.15,0.999994
-1.15,0.999998
-1.15,0.999988
-1.15,0.999996
-1.15,0.999994
-1.14,0.999992
-1.14,0.999992
-1.14,0.999994
-1.14,0.999994
-1.14,0.999992
-1.14,0.999996
-1.14,0.999992
-1.14,0.999996
-1.14,0.999994
-1.14,0.999992
-1.13,0.999994
-1.13,0.999992
-1.13,0.999982
-1.13,0.999988
-1.13,0.999992
-1.13,0.99999
-1.13,0.999992
-1.13,0.99999
-1.13,0.999992
-1.13,0.999994
-1.12,0.999988
-1.12,0.999996
-1.12,0.999988
-1.12,0.999992
-1.12,0.999996
-1.12,0.99999
-1.12,0.999984
-1.12,0.99999
-1.12,0.999992
-1.12,0.99999
-1.11,0.999994
-1.11,0.999992
-1.11,0.999992
-1.11,0.999992
-1.11,0.999986
-1.11,0.999994
-1.11,1
-1.11,0.99999
-1.11,0.999992
-1.11,0.999994
-1.1,1
-1.1,0.999994
-1.1,0.999994
-1.1,0.999996
-1.1,0.999992
-1.1,0.999996
-1.1,0.999992
-1.1,0.99999
-1.1,0.99999
-1.1,0.999998
-1.09,0.999996
-1.09,0.999996
-1.09,0.999988
-1.09,0.999992
-1.09,0.999994
-1.09,0.99999
-1.09,0.999994
-1.09,0.999988
-1.09,0.999992
-1.09,0.999994
-1.08,0.999996
-1.08,0.999998
-1.08,0.999994
-1.08,0.999994
-1.08,0.99999
-1.08,0.999996
-1.08,0.999994
-1.08,0.999994
-1.08,0.999996
-1.08,0.999994
-1.07,0.999996
-1.07,0.999994
-1.07,0.999996
-1.07,0.999994
-1.07,0.999998
-1.07,0.999992
-1.07,0.999996
-1.07,0.999994
-1.07,0.999994
-1.07,0.999998
-1.06,0.999992
-1.06,0.99999
-1.06,0.999994
-1.06,0.999988
-1.06,0.999998
-1.06,0.999982
-1.06,0.999988
-1.06,0.999988
-1.06,0.999996
-1.06,0.999992
-1.05,0.999998
-1.05,0.999984
-1.05,0.999994
-1.05,0.999996
-1.05,0.99999
-1.05,0.999992
-1.05,0.999994
-1.05,0.999994
-1.05,0.999996
-1.05,0.999996
-1.04,0.999994
-1.04,0.99999
-1.04,0.999998
-1.04,0.99999
-1.04,0.999992
-1.04,0.999994
-1.04,0.999992
-1.04,0.999988
-1.04,0.999996
-1.04,0.999994
-1.03,0.999996
-1.03,0.999992
-1.03,0.999992
-1.03,0.999996
-1.03,0.999994
-1.03,0.999994
-1.03,0.99999
-1.03,0.999994
-1.03,0.999994
-1.03,0.999994
-1.02,0.999996
-1.02,0.999994
-1.02,0.999992
-1.02,0.999992
-1.02,0.999998
-1.02,0.999992
-1.02,0.999994
-1.02,0.999998
-1.02,0.999994
-1.02,0.999994
-1.01,0.999988
-1.01,0.999992
-1.01,0.999994
-1.01,0.999994
-1.01,0.999994
-1.01,0.999996
-1.01,0.999988
-1.01,0.999996
-1.01,0.999992
-1.01,0.99999
-1,1
-1,0.999988
-1,0.999992
-1,1
-1,0.999994
-1,0.999992
-1,0.999998
-1,0.999996
-1,1
-1,0.999996
