-1,0.999998
-1,0.999988
-1,0.999998
-1,0.999996
-1,0.99999
-1,0.999998
-1,0.999994
-1,0.999994
-1,0.999996
-1,0.999992
-1.01,0.999988
-1.01,0.999994
-1.01,0.999992
-1.01,0.999996
-1.01,0.999996
-1.01,0.999996
-1.01,0.999996
-1.01,0.999998
-1.01,0.999992
-1.01,0.999992
-1.02,0.999994
-1.02,0.99999
-1.02,0.999994
-1.02,0.999998
-1.02,0.999994
-1.02,0.99999
-1.02,0.999988
-1.02,0.99999
-1.02,0.999992
-1.02,0.999992
-1.03,0.999988
-1.03,0.999992
-1.03,0.999996
-1.03,0.999994
-1.03,0.999998
-1.03,0.999986
-1.03,0.999996
-1.03,0.999994
-1.03,0.999992
-1.03,0.999994
-1.04,0.999996
-1.04,0.999996
-1.04,0.999992
-1.04,0.999998
-1.04,0.999992
-1.04,0.999994
-1.04,0.999994
-1.04,0.99999
-1.04,0.999992
-1.04,0.999994
-1.05,0.999992
-1.05,0.99999
-1.05,1
-1.05,0.999994
-1.05,1
-1.05,0.999998
-1.05,0.999994
-1.05,0.99999
-1.05,0.999994
-1.05,1
-1.06,0.999996
-1.06,0.999992
-1.06,0.99999
-1.06,0.999988
-1.06,0.999994
-1.06,0.999996
-1.06,0.999994
-1.06,0.999992
-1.06,0.999998
-1.06,0.999994
-1.07,0.999988
-1.07,0.999996
-1.07,0.99999
-1.07,0.99999
-1.07,0.999988
-1.07,0.999992
-1.07,0.999994
-1.07,0.99999
-1.07,0.999996
-1.07,0.999984
-1.08,0.999992
-1.08,0.999988
-1.08,0.999996
-1.08,0.999994
-1.08,0.99999
-1.08,0.999988
-1.08,0.999992
-1.08,0.999992
-1.08,0.99999
-1.08,0.99999
-1.09,0.999994
-1.09,0.99999
-1.09,0.999992
-1.09,0.999984
-1.09,0.999996
-1.09,0.999998
-1.09,0.999992
-1.09,0.999992
-1.09,0.99999
-1.09,0.999996
-1.1,0.999992
-1.1,0.999992
-1.1,0.999996
-1.1,0.99999
-1.1,0.999994
-1.1,0.999988
-1.1,0.999984
-1.1,0.999996
-1.1,0.999992
-1.1,0.999992
-1.11,0.999994
-1.11,0.999992
-1.11,0.999984
-1.11,0.999984
-1.11,0.999998
-1.11,0.99999
-1.11,0.999992
-1.11,0.999984
-1.11,0.999992
-1.11,0.999994
-1.12,0.999994
-1.12,0.999992
-1.12,0.999994
-1.12,0.999988
-1.12,0.999988
-1.12,0.999996
-1.12,0.999996
-1.12,0.99999
-1.12,0.999998
-1.12,0.999994
-1.13,0.999978
-1.13,0.999994
-1.13,0.99999
-1.13,0.999996
-1.13,0.999992
-1.13,0.999986
-1.13,0.999982
-1.13,0.999994
-1.13,0.99999
-1.13,0.999988
-1.14,0.999992
-1.14,1
-1.14,0.999986
-1.14,0.999996
-1.14,0.999992
-1.14,0.999988
-1.14,0.99999
-1.14,0.999994
-1.14,0.999996
-1.14,0.999998
-1.15,0.999986
-1.15,0.99999
-1.15,0.999992
-1.15,0.999992
-1.15,0.99999
-1.15,0.999996
-1.15,0.999994
-1.15,0.99999
-1.15,0.99999
-1.15,0.999996
-1.16,0.999996
-1.16,0.999996
-1.16,0.999994
-1.16,0.999992
-1.16,0.999988
-1.16,0.999998
-1.16,0.999992
-1.16,0.999998
-1.16,0.999988
-1.16,0.999984
-1.17,0.99999
-1.17,0.999986
-1.17,0.999988
-1.17,0.999992
-1.17,0.999984
-1.17,0.99999
-1.17,0.999998
-1.17,0.999996
-1.17,0.999998
-1.17,0.99999
-1.18,0.999994
-1.18,0.999994
-1.18,0.999994
-1.18,0.999996
-1.18,0.999982
-1.18,0.999994
-1.18,0.999992
-1.18,0.999992
-1.18,0.999994
-1.18,0.999988
-1.19,0.999996
-1.19,0.99999
-1.19,0.99999
-1.19,0.999984
-1.19,0.99999
-1.19,0.99999
-1.19,0.99999
-1.19,0.999996
-1.19,0.999998
-1.19,0.999998
-1.2,0.999992
-1.2,0.999984
-1.2,0.999992
-1.2,0.99998
-1.2,0.999988
-1.2,0.999994
-1.2,0.999994
-1.2,0.999994
-1.2,0.999996
-1.2,0.999986
-1.21,0.999982
-1.21,0.99999
-1.21,0.999998
-1.21,0.999992
-1.21,0.99999
-1.21,0.99999
-1.21,0.999988
-1.21,0.999992
-1.21,0.999994
-1.21,0.999984
-1.22,0.999992
-1.22,0.999994
-1.22,0.999988
-1.22,0.999992
-1.22,0.999996
-1.22,0.999994
-1.22,0.999998
-1.22,0.999998
-1.22,0.999988
-1.22,0.999994
-1.23,0.999986
-1.23,0.999994
-1.23,0.999988
-1.23,0.999992
-1.23,0.999992
-1.23,0.999988
-1.23,0.99999
-1.23,0.999992
-1.23,0.999992
-1.23,0.99999
-1.24,0.999992
-1.24,0.999996
-1.24,0.999992
-1.24,0.999994
-1.24,0.99999
-1.24,0.999984
-1.24,0.999984
-1.24,0.999982
-1.24,0.999996
-1.24,0.999988
-1.25,0.999992
-1.25,0.999978
-1.25,0.99999
-1.25,0.999984
-1.25,0.999996
-1.25,0.99999
-1.25,0.999998
-1.25,0.999992
-1.25,0.999992
-1.25,0.999984
-1.26,0.99999
-1.26,0.999988
-1.26,0.99998
-1.26,0.999992
-1.26,0.999986
-1.26,0.999994
-1.26,0.999998
-1.26,0.999984
-1.26,0.999996
-1.26,0.999988
-1.27,0.999988
-1.27,0.99999
-1.27,0.99997
-1.27,0.999994
-1.27,0.999992
-1.27,0.999988
-1.27,0.999988
-1.27,0.999988
-1.27,0.99999
-1.27,0.999992
-1.28,0.999992
-1.28,0.999992
-1.28,0.999998
-1.28,0.999986
-1.28,0.999988
-1.28,0.999996
-1.28,0.999988
-1.28,0.999986
-1.28,0.999994
-1.28,0.999988
-1.29,0.999992
-1.29,0.999982
-1.29,0.99999
-1.29,0.999994
-1.29,0.99998
-1.29,0.999992
-1.29,0.999992
-1.29,0.999998
-1.29,0.999994
-1.29,0.99999
-1.3,0.999988
-1.3,0.999984
-1.3,0.999996
-1.3,0.999986
-1.3,0.999984
-1.3,0.999992
-1.3,0.999998
-1.3,0.999988
-1.3,0.999994
-1.3,0.999988
-1.31,0.999984
-1.31,0.999986
-1.31,0.999994
-1.31,0.999988
-1.31,0.99999
-1.31,0.999994
-1.31,0.99999
-1.31,0.99999
-1.31,0.999984
-1.31,0.999984
-1.32,0.999988
-1.32,0.999982
-1.32,0.999988
-1.32,0.999988
-1.32,0.99999
-1.32,0.99998
-1.32,0.999992
-1.32,0.999988
-1.32,0.999982
-1.32,0.999988
-1.33,0.99998
-1.33,0.999986
-1.33,0.999992
-1.33,0.999982
-1.33,0.99998
-1.33,0.999992
-1.33,0.99999
-1.33,0.99998
-1.33,0.999994
-1.33,0.999982
-1.34,0.999982
-1.34,0.999984
-1.34,0.999988
-1.34,0.999984
-1.34,0.999986
-1.34,0.999984
-1.34,0.999992
-1.34,0.99999
-1.34,0.999988
-1.34,0.999978
-1.35,0.99998
-1.35,0.999978
-1.35,0.999984
-1.35,0.999988
-1.35,0.99999
-1.35,0.99999
-1.35,0.999988
-1.35,0.99999
-1.35,0.99999
-1.35,0.999992
-1.36,0.999986
-1.36,0.999984
-1.36,0.999978
-1.36,0.999984
-1.36,0.999984
-1.36,0.999988
-1.36,0.999986
-1.36,0.999984
-1.36,0.999994
-1.36,0.99999
-1.37,0.999982
-1.37,0.999982
-1.37,0.999984
-1.37,0.999984
-1.37,0.999982
-1.37,0.999982
-1.37,0.999996
-1.37,0.999984
-1.37,0.999986
-1.37,0.999988
-1.38,0.999992
-1.38,0.999978
-1.38,0.999982
-1.38,0.999986
-1.38,0.99998
-1.38,0.999994
-1.38,0.99999
-1.38,0.999986
-1.38,0.999986
-1.38,0.999984
-1.39,0.999982
-1.39,0.99998
-1.39,0.999988
-1.39,0.99999
-1.39,0.999988
-1.39,0.99999
-1.39,0.999988
-1.39,0.999986
-1.39,0.999994
-1.39,0.999984
-1.4,0.999984
-1.4,0.999986
-1.4,0.999992
-1.4,0.99998
-1.4,0.999992
-1.4,0.999986
-1.4,0.99999
-1.4,0.99998
-1.4,0.999992
-1.4,0.999992
-1.41,0.999986
-1.41,0.999988
-1.41,0.999984
-1.41,0.99998
-1.41,0.999986
-1.41,0.999996
-1.41,0.999986
-1.41,0.999994
-1.41,0.99999
-1.41,0.99999
-1.42,0.999982
-1.42,0.999988
-1.42,0.999988
-1.42,0.999986
-1.42,0.99998
-1.42,0.999982
-1.42,0.999988
-1.42,0.999994
-1.42,0.99998
-1.42,0.99998
-1.43,0.999976
-1.43,0.999988
-1.43,0.999978
-1.43,0.999994
-1.43,0.999988
-1.43,0.999992
-1.43,0.999986
-1.43,0.99999
-1.43,0.99997
-1.43,0.99999
-1.44,0.999984
-1.44,0.999988
-1.44,0.999982
-1.44,0.999986
-1.44,0.999988
-1.44,0.999984
-1.44,0.999982
-1.44,0.999986
-1.44,0.999992
-1.44,0.99999
-1.45,0.999988
-1.45,0.999986
-1.45,0.999976
-1.45,0.999982
-1.45,0.999998
-1.45,0.99999
-1.45,0.999992
-1.45,0.999988
-1.45,0.999986
-1.45,0.999978
-1.46,0.999986
-1.46,0.999982
-1.46,0.999982
-1.46,0.999982
-1.46,0.999986
-1.46,0.999976
-1.46,0.999996
-1.46,0.999994
-1.46,0.99998
-1.46,0.999988
-1.47,0.999988
-1.47,0.999986
-1.47,0.999986
-1.47,0.999984
-1.47,0.999972
-1.47,0.999976
-1.47,0.99999
-1.47,0.99998
-1.47,0.99998
-1.47,0.999986
-1.48,0.999986
-1.48,0.999988
-1.48,0.999986
-1.48,0.999984
-1.48,0.999972
-1.48,0.999974
-1.48,0.999978
-1.48,0.999974
-1.48,0.99998
-1.48,0.999988
-1.49,0.999986
-1.49,0.999984
-1.49,0.999988
-1.49,0.999978
-1.49,0.999978
-1.49,0.999976
-1.49,0.99999
-1.49,0.999984
-1.49,0.99998
-1.49,0.999984
-1.5,0.999988
-1.5,0.99998
-1.5,0.99998
-1.5,0.999992
-1.5,0.999976
-1.5,0.999992
-1.5,0.999974
-1.5,0.99998
-1.5,0.999994
-1.5,0.999982
-1.51,0.999978
-1.51,0.999978
-1.51,0.999986
-1.51,0.999994
-1.51,0.999984
-1.51,0.999982
-1.51,0.99998
-1.51,0.999986
-1.51,0.999988
-1.51,0.999978
-1.52,0.99999
-1.52,0.999984
-1.52,0.999994
-1.52,0.999982
-1.52,0.999984
-1.52,0.99998
-1.52,0.999986
-1.52,0.999976
-1.52,0.999976
-1.52,0.999982
-1.53,0.99997
-1.53,0.999984
-1.53,0.999988
-1.53,0.999986
-1.53,0.999982
-1.53,0.999976
-1.53,0.999974
-1.53,0.99998
-1.53,0.999988
-1.53,0.999988
-1.54,0.99998
-1.54,0.999984
-1.54,0.999984
-1.54,0.999978
-1.54,0.999988
-1.54,0.999982
-1.54,0.999988
-1.54,0.999978
-1.54,0.999984
-1.54,0.999984
-1.55,0.99998
-1.55,0.999974
-1.55,0.999972
-1.55,0.999976
-1.55,0.999986
-1.55,0.999974
-1.55,0.999984
-1.55,0.999992
-1.55,0.999978
-1.55,0.999984
-1.56,0.999988
-1.56,0.999986
-1.56,0.999978
-1.56,0.999976
-1.56,0.99998
-1.56,0.999984
-1.56,0.99998
-1.56,0.999982
-1.56,0.999976
-1.56,0.999988
-1.57,0.999978
-1.57,0.999992
-1.57,0.999984
-1.57,0.999988
-1.57,0.999974
-1.57,0.999976
-1.57,0.999976
-1.57,0.999974
-1.57,0.99998
-1.57,0.999992
-1.58,0.999976
-1.58,0.999988
-1.58,0.999962
-1.58,0.999978
-1.58,0.999986
-1.58,0.999984
-1.58,0.999986
-1.58,0.99997
-1.58,0.999986
-1.58,0.999978
-1.59,0.999982
-1.59,0.999988
-1.59,0.999972
-1.59,0.999986
-1.59,0.999974
-1.59,0.999982
-1.59,0.99998
-1.59,0.999984
-1.59,0.999966
-1.59,0.99998
-1.6,0.99997
-1.6,0.999986
-1.6,0.999982
-1.6,0.999986
-1.6,0.999986
-1.6,0.999982
-1.6,0.999984
-1.6,0.999988
-1.6,0.999976
-1.6,0.999986
-1.61,0.999968
-1.61,0.999984
-1.61,0.999982
-1.61,0.999988
-1.61,0.999974
-1.61,0.999982
-1.61,0.999976
-1.61,0.999988
-1.61,0.999982
-1.61,0.999972
-1.62,0.999968
-1.62,0.999974
-1.62,0.999982
-1.62,0.999984
-1.62,0.999992
-1.62,0.999986
-1.62,0.999974
-1.62,0.999982
-1.62,0.999978
-1.62,0.99997
-1.63,0.999966
-1.63,0.999976
-1.63,0.999976
-1.63,0.999978
-1.63,0.99998
-1.63,0.999974
-1.63,0.999958
-1.63,0.99998
-1.63,0.999974
-1.63,0.999988
-1.64,0.999976
-1.64,0.99998
-1.64,0.999984
-1.64,0.99998
-1.64,0.999996
-1.64,0.999982
-1.64,0.999976
-1.64,0.999974
-1.64,0.999974
-1.64,0.999978
-1.65,0.999964
-1.65,0.999972
-1.65,0.99998
-1.65,0.999982
-1.65,0.999976
-1.65,0.999984
-1.65,0.999968
-1.65,0.99996
-1.65,0.999982
-1.65,0.999982
-1.66,0.999978
-1.66,0.999978
-1.66,0.999972
-1.66,0.999964
-1.66,0.999976
-1.66,0.999974
-1.66,0.999968
-1.66,0.99997
-1.66,0.999976
-1.66,0.99998
-1.67,0.999966
-1.67,0.999976
-1.67,0.999972
-1.67,0.99998
-1.67,0.99998
-1.67,0.999972
-1.67,0.999962
-1.67,0.99998
-1.67,0.999968
-1.67,0.99998
-1.68,0.99997
-1.68,0.999976
-1.68,0.999988
-1.68,0.999972
-1.68,0.999986
-1.68,0.999986
-1.68,0.999984
-1.68,0.999972
-1.68,0.99997
-1.68,0.999978
-1.69,0.99998
-1.69,0.999978
-1.69,0.999972
-1.69,0.999968
-1.69,0.999986
-1.69,0.999976
-1.69,0.999988
-1.69,0.999972
-1.69,0.999966
-1.69,0.999974
-1.7,0.999976
-1.7,0.99997
-1.7,0.999966
-1.7,0.999982
-1.7,0.999978
-1.7,0.999972
-1.7,0.999984
-1.7,0.999958
-1.7,0.999968
-1.7,0.999978
-1.71,0.99997
-1.71,0.999978
-1.71,0.999974
-1.71,0.99998
-1.71,0.999974
-1.71,0.99997
-1.71,0.99998
-1.71,0.999974
-1.71,0.999974
-1.71,0.999972
-1.72,0.999982
-1.72,0.99998
-1.72,0.999972
-1.72,0.999966
-1.72,0.999978
-1.72,0.999982
-1.72,0.999978
-1.72,0.99997
-1.72,0.999974
-1.72,0.999976
-1.73,0.999974
-1.73,0.999978
-1.73,0.99997
-1.73,0.99998
-1.73,0.999976
-1.73,0.999984
-1.73,0.999964
-1.73,0.999972
-1.73,0.999982
-1.73,0.999972
-1.74,0.99997
-1.74,0.99996
-1.74,0.999974
-1.74,0.99998
-1.74,0.999974
-1.74,0.999978
-1.74,0.999974
-1.74,0.999988
-1.74,0.999978
-1.74,0.999972
-1.75,0.999968
-1.75,0.99997
-1.75,0.999978
-1.75,0.99997
-1.75,0.999978
-1.75,0.999968
-1.75,0.999972
-1.75,0.999976
-1.75,0.99997
-1.75,0.99997
-1.76,0.999966
-1.76,0.999976
-1.76,0.999964
-1.76,0.99997
-1.76,0.99998
-1.76,0.999958
-1.76,0.999966
-1.76,0.999966
-1.76,0.999966
-1.76,0.999968
-1.77,0.999964
-1.77,0.99997
-1.77,0.999968
-1.77,0.999954
-1.77,0.999954
-1.77,0.999968
-1.77,0.999974
-1.77,0.999976
-1.77,0.99997
-1.77,0.999962
-1.78,0.999956
-1.78,0.999968
-1.78,0.999972
-1.78,0.999968
-1.78,0.999952
-1.78,0.999962
-1.78,0.99998
-1.78,0.999964
-1.78,0.999968
-1.78,0.999964
-1.79,0.999966
-1.79,0.99996
-1.79,0.999976
-1.79,0.999974
-1.79,0.99997
-1.79,0.999968
-1.79,0.999974
-1.79,0.99997
-1.79,0.999972
-1.79,0.99998
-1.8,0.999972
-1.8,0.999976
-1.8,0.999968
-1.8,0.999966
-1.8,0.999986
-1.8,0.999966
-1.8,0.999978
-1.8,0.999966
-1.8,0.999988
-1.8,0.999968
-1.81,0.999962
-1.81,0.999976
-1.81,0.99998
-1.81,0.999982
-1.81,0.99996
-1.81,0.999972
-1.81,0.999958
-1.81,0.999962
-1.81,0.999978
-1.81,0.999984
-1.82,0.999966
-1.82,0.999966
-1.82,0.999962
-1.82,0.999966
-1.82,0.999968
-1.82,0.999972
-1.82,0.999984
-1.82,0.999978
-1.82,0.99997
-1.82,0.999978
-1.83,0.99996
-1.83,0.999966
-1.83,0.999976
-1.83,0.999976
-1.83,0.99997
-1.83,0.999982
-1.83,0.99997
-1.83,0.99996
-1.83,0.999978
-1.83,0.99996
-1.84,0.999964
-1.84,0.999968
-1.84,0.999964
-1.84,0.999978
-1.84,0.999966
-1.84,0.999966
-1.84,0.999974
-1.84,0.999948
-1.84,0.999972
-1.84,0.99996
-1.85,0.999964
-1.85,0.999956
-1.85,0.999962
-1.85,0.999964
-1.85,0.999958
-1.85,0.999968
-1.85,0.999952
-1.85,0.99997
-1.85,0.99996
-1.85,0.999968
-1.86,0.999972
-1.86,0.999972
-1.86,0.999968
-1.86,0.999962
-1.86,0.999972
-1.86,0.99997
-1.86,0.999964
-1.86,0.999942
-1.86,0.999952
-1.86,0.99998
-1.87,0.999974
-1.87,0.999972
-1.87,0.999976
-1.87,0.999966
-1.87,0.99995
-1.87,0.999964
-1.87,0.99997
-1.87,0.999958
-1.87,0.999948
-1.87,0.999962
-1.88,0.999968
-1.88,0.999964
-1.88,0.999976
-1.88,0.999962
-1.88,0.999966
-1.88,0.99997
-1.88,0.999966
-1.88,0.999956
-1.88,0.999964
-1.88,0.999964
-1.89,0.999952
-1.89,0.999976
-1.89,0.999958
-1.89,0.999954
-1.89,0.999968
-1.89,0.999956
-1.89,0.999976
-1.89,0.999956
-1.89,0.999958
-1.89,0.999964
-1.9,0.999966
-1.9,0.999956
-1.9,0.999952
-1.9,0.99995
-1.9,0.999954
-1.9,0.999968
-1.9,0.999954
-1.9,0.999956
-1.9,0.999958
-1.9,0.999966
-1.91,0.999966
-1.91,0.999972
-1.91,0.999964
-1.91,0.99996
-1.91,0.999968
-1.91,0.999954
-1.91,0.999968
-1.91,0.99997
-1.91,0.999968
-1.91,0.99997
-1.92,0.999968
-1.92,0.999968
-1.92,0.999958
-1.92,0.999956
-1.92,0.999964
-1.92,0.999962
-1.92,0.999958
-1.92,0.999964
-1.92,0.99996
-1.92,0.999968
-1.93,0.999966
-1.93,0.99996
-1.93,0.999968
-1.93,0.999968
-1.93,0.99996
-1.93,0.999966
-1.93,0.999968
-1.93,0.99996
-1.93,0.999954
-1.93,0.999956
-1.94,0.999956
-1.94,0.999966
-1.94,0.999954
-1.94,0.999948
-1.94,0.999954
-1.94,0.999946
-1.94,0.999956
-1.94,0.999958
-1.94,0.999948
-1.94,0.999962
-1.95,0.99997
-1.95,0.999954
-1.95,0.999954
-1.95,0.999952
-1.95,0.99995
-1.95,0.999962
-1.95,0.999952
-1.95,0.99996
-1.95,0.999954
-1.95,0.999936
-1.96,0.999964
-1.96,0.999954
-1.96,0.99995
-1.96,0.999964
-1.96,0.99996
-1.96,0.999958
-1.96,0.999956
-1.96,0.999956
-1.96,0.999956
-1.96,0.999948
-1.97,0.999952
-1.97,0.999958
-1.97,0.99997
-1.97,0.999956
-1.97,0.99996
-1.97,0.999948
-1.97,0.999954
-1.97,0.999968
-1.97,0.999966
-1.97,0.999954
-1.98,0.999956
-1.98,0.999936
-1.98,0.999964
-1.98,0.99995
-1.98,0.999942
-1.98,0.999958
-1.98,0.99996
-1.98,0.999962
-1.98,0.999958
-1.98,0.99996
-1.99,0.999958
-1.99,0.999962
-1.99,0.999942
-1.99,0.999962
-1.99,0.999962
-1.99,0.999946
-1.99,0.999954
-1.99,0.99996
-1.99,0.999956
-1.99,0.999936
-2,0.999964
-2,0.999954
-2,0.999964
-2,0.999944
-2,0.999948
-2,0.99997
-2,0.999962
-2,0.999958
-2,0.999964
-2,0.99994
-2.01,0.99995
-2.01,0.999952
-2.01,0.99995
-2.01,0.999956
-2.01,0.999948
-2.01,0.999956
-2.01,0.99994
-2.01,0.999958
-2.01,0.999964
-2.01,0.999964
-2.02,0.999948
-2.02,0.99994
-2.02,0.999966
-2.02,0.99997
-2.02,0.999956
-2.02,0.999934
-2.02,0.999952
-2.02,0.999958
-2.02,0.999958
-2.02,0.999956
-2.03,0.999958
-2.03,0.99996
-2.03,0.999932
-2.03,0.99994
-2.03,0.999964
-2.03,0.999966
-2.03,0.999972
-2.03,0.99996
-2.03,0.999966
-2.03,0.999948
-2.04,0.999926
-2.04,0.999964
-2.04,0.999948
-2.04,0.999952
-2.04,0.999964
-2.04,0.99994
-2.04,0.999948
-2.04,0.999952
-2.04,0.999942
-2.04,0.99995
-2.05,0.999964
-2.05,0.999946
-2.05,0.99993
-2.05,0.999954
-2.05,0.999946
-2.05,0.999942
-2.05,0.999958
-2.05,0.999932
-2.05,0.99994
-2.05,0.999956
-2.06,0.999952
-2.06,0.999952
-2.06,0.999946
-2.06,0.999936
-2.06,0.99997
-2.06,0.999958
-2.06,0.99993
-2.06,0.999932
-2.06,0.999956
-2.06,0.999952
-2.07,0.999938
-2.07,0.999936
-2.07,0.99995
-2.07,0.999928
-2.07,0.99994
-2.07,0.999954
-2.07,0.99997
-2.07,0.999954
-2.07,0.99994
-2.07,0.999938
-2.08,0.999926
-2.08,0.99996
-2.08,0.999942
-2.08,0.999932
-2.08,0.999942
-2.08,0.999944
-2.08,0.999938
-2.08,0.999934
-2.08,0.999948
-2.08,0.99994
-2.09,0.999938
-2.09,0.999946
-2.09,0.999936
-2.09,0.999948
-2.09,0.999956
-2.09,0.99994
-2.09,0.999956
-2.09,0.999962
-2.09,0.99994
-2.09,0.999954
-2.1,0.999948
-2.1,0.999944
-2.1,0.999926
-2.1,0.99994
-2.1,0.999932
-2.1,0.999936
-2.1,0.999948
-2.1,0.999932
-2.1,0.999948
-2.1,0.99993
-2.11,0.99994
-2.11,0.999952
-2.11,0.999952
-2.11,0.999956
-2.11,0.99993
-2.11,0.999954
-2.11,0.999928
-2.11,0.99993
-2.11,0.999952
-2.11,0.999916
-2.12,0.99993
-2.12,0.99995
-2.12,0.999932
-2.12,0.99995
-2.12,0.999954
-2.12,0.999944
-2.12,0.999936
-2.12,0.999956
-2.12,0.99993
-2.12,0.999946
-2.13,0.99994
-2.13,0.99996
-2.13,0.999936
-2.13,0.99995
-2.13,0.99993
-2.13,0.999926
-2.13,0.999952
-2.13,0.999924
-2.13,0.999934
-2.13,0.999926
-2.14,0.999932
-2.14,0.999934
-2.14,0.99994
-2.14,0.999958
-2.14,0.999942
-2.14,0.999944
-2.14,0.999934
-2.14,0.999934
-2.14,0.999934
-2.14,0.999928
-2.15,0.999952
-2.15,0.999936
-2.15,0.999956
-2.15,0.999946
-2.15,0.99993
-2.15,0.999938
-2.15,0.999956
-2.15,0.9999
-2.15,0.999916
-2.15,0.999922
-2.16,0.999944
-2.16,0.999934
-2.16,0.999964
-2.16,0.99994
-2.16,0.999936
-2.16,0.999912
-2.16,0.99993
-2.16,0.99992
-2.16,0.999928
-2.16,0.999934
-2.17,0.999908
-2.17,0.999948
-2.17,0.999928
-2.17,0.999944
-2.17,0.999926
-2.17,0.999954
-2.17,0.999928
-2.17,0.999938
-2.17,0.999942
-2.17,0.99994
-2.18,0.999936
-2.18,0.999944
-2.18,0.999926
-2.18,0.99994
-2.18,0.999952
-2.18,0.999942
-2.18,0.999938
-2.18,0.999926
-2.18,0.99994
-2.18,0.99993
-2.19,0.99995
-2.19,0.99994
-2.19,0.999922
-2.19,0.999928
-2.19,0.999942
-2.19,0.999938
-2.19,0.999926
-2.19,0.999934
-2.19,0.999916
-2.19,0.999942
-2.2,0.99993
-2.2,0.999936
-2.2,0.99993
-2.2,0.999938
-2.2,0.999936
-2.2,0.999916
-2.2,0.999918
-2.2,0.999922
-2.2,0.999924
-2.2,0.99994
-2.21,0.999918
-2.21,0.999942
-2.21,0.999938
-2.21,0.999932
-2.21,0.999936
-2.21,0.999938
-2.21,0.999926
-2.21,0.999922
-2.21,0.999932
-2.21,0.99991
-2.22,0.999922
-2.22,0.999904
-2.22,0.999934
-2.22,0.999934
-2.22,0.999922
-2.22,0.999934
-2.22,0.999924
-2.22,0.999924
-2.22,0.999938
-2.22,0.999928
-2.23,0.999916
-2.23,0.999934
-2.23,0.999924
-2.23,0.99995
-2.23,0.999922
-2.23,0.999944
-2.23,0.999904
-2.23,0.999914
-2.23,0.999922
-2.23,0.999928
-2.24,0.999934
-2.24,0.999934
-2.24,0.999932
-2.24,0.999912
-2.24,0.999942
-2.24,0.999938
-2.24,0.999922
-2.24,0.999938
-2.24,0.99991
-2.24,0.999932
-2.25,0.999924
-2.25,0.999932
-2.25,0.99993
-2.25,0.99993
-2.25,0.999936
-2.25,0.99992
-2.25,0.99994
-2.25,0.999946
-2.25,0.999924
-2.25,0.999908
-2.26,0.999934
-2.26,0.999924
-2.26,0.999944
-2.26,0.999936
-2.26,0.999946
-2.26,0.999912
-2.26,0.999942
-2.26,0.999924
-2.26,0.999942
-2.26,0.999906
-2.27,0.999896
-2.27,0.99992
-2.27,0.999904
-2.27,0.999922
-2.27,0.999942
-2.27,0.999914
-2.27,0.999916
-2.27,0.999914
-2.27,0.999928
-2.27,0.999922
-2.28,0.99993
-2.28,0.99993
-2.28,0.99992
-2.28,0.999922
-2.28,0.999938
-2.28,0.999938
-2.28,0.999918
-2.28,0.999942
-2.28,0.999918
-2.28,0.999918
-2.29,0.999918
-2.29,0.999914
-2.29,0.999902
-2.29,0.999892
-2.29,0.999906
-2.29,0.999916
-2.29,0.999918
-2.29,0.9999
-2.29,0.99991
-2.29,0.99993
-2.3,0.99993
-2.3,0.99992
-2.3,0.999896
-2.3,0.999926
-2.3,0.999898
-2.3,0.999924
-2.3,0.99991
-2.3,0.99993
-2.3,0.9999
-2.3,0.999904
-2.31,0.99992
-2.31,0.999914
-2.31,0.99992
-2.31,0.999924
-2.31,0.99992
-2.31,0.999928
-2.31,0.999902
-2.31,0.999916
-2.31,0.999908
-2.31,0.999926
-2.32,0.999926
-2.32,0.999934
-2.32,0.999928
-2.32,0.999916
-2.32,0.99992
-2.32,0.999904
-2.32,0.999928
-2.32,0.999894
-2.32,0.99991
-2.32,0.999912
-2.33,0.99991
-2.33,0.9999
-2.33,0.99992
-2.33,0.999918
-2.33,0.999912
-2.33,0.999914
-2.33,0.999926
-2.33,0.99993
-2.33,0.999904
-2.33,0.999906
-2.34,0.999892
-2.34,0.99991
-2.34,0.99993
-2.34,0.99991
-2.34,0.999902
-2.34,0.999906
-2.34,0.99995
-2.34,0.999918
-2.34,0.999904
-2.34,0.999914
-2.35,0.999878
-2.35,0.999916
-2.35,0.999906
-2.35,0.999906
-2.35,0.999916
-2.35,0.999926
-2.35,0.999904
-2.35,0.99992
-2.35,0.999896
-2.35,0.999882
-2.36,0.999916
-2.36,0.999926
-2.36,0.999912
-2.36,0.999898
-2.36,0.999884
-2.36,0.99992
-2.36,0.999872
-2.36,0.999902
-2.36,0.999914
-2.36,0.99991
-2.37,0.99988
-2.37,0.99991
-2.37,0.999892
-2.37,0.999892
-2.37,0.999898
-2.37,0.999914
-2.37,0.999904
-2.37,0.999898
-2.37,0.999858
-2.37,0.999902
-2.38,0.99988
-2.38,0.999866
-2.38,0.999874
-2.38,0.999876
-2.38,0.999908
-2.38,0.999892
-2.38,0.999918
-2.38,0.999914
-2.38,0.9999
-2.38,0.999858
-2.39,0.999904
-2.39,0.999922
-2.39,0.999912
-2.39,0.999898
-2.39,0.99992
-2.39,0.999912
-2.39,0.999912
-2.39,0.9999
-2.39,0.999878
-2.39,0.999892
-2.4,0.999896
-2.4,0.99991
-2.4,0.999898
-2.4,0.9999
-2.4,0.999868
-2.4,0.999892
-2.4,0.999898
-2.4,0.99991
-2.4,0.999902
-2.4,0.999898
-2.41,0.999906
-2.41,0.999906
-2.41,0.999908
-2.41,0.999898
-2.41,0.9999
-2.41,0.999896
-2.41,0.999902
-2.41,0.9999
-2.41,0.999876
-2.41,0.999908
-2.42,0.999908
-2.42,0.999908
-2.42,0.999908
-2.42,0.999874
-2.42,0.99991
-2.42,0.999886
-2.42,0.999904
-2.42,0.999866
-2.42,0.999902
-2.42,0.999912
-2.43,0.999904
-2.43,0.999896
-2.43,0.999912
-2.43,0.999914
-2.43,0.999898
-2.43,0.999876
-2.43,0.9999
-2.43,0.999876
-2.43,0.999888
-2.43,0.999928
-2.44,0.999904
-2.44,0.999872
-2.44,0.999904
-2.44,0.999872
-2.44,0.999904
-2.44,0.99989
-2.44,0.999906
-2.44,0.999902
-2.44,0.9999
-2.44,0.99987
-2.45,0.999868
-2.45,0.999878
-2.45,0.999882
-2.45,0.999894
-2.45,0.999866
-2.45,0.999884
-2.45,0.999884
-2.45,0.999874
-2.45,0.999896
-2.45,0.999884
-2.46,0.999906
-2.46,0.999884
-2.46,0.99988
-2.46,0.999888
-2.46,0.999884
-2.46,0.99987
-2.46,0.999874
-2.46,0.999902
-2.46,0.999894
-2.46,0.999876
-2.47,0.999872
-2.47,0.999874
-2.47,0.999912
-2.47,0.99989
-2.47,0.99988
-2.47,0.999878
-2.47,0.999882
-2.47,0.999892
-2.47,0.99989
-2.47,0.999872
-2.48,0.99987
-2.48,0.999878
-2.48,0.999882
-2.48,0.999878
-2.48,0.999868
-2.48,0.999876
-2.48,0.999872
-2.48,0.9999
-2.48,0.999866
-2.48,0.99989
-2.49,0.999864
-2.49,0.99986
-2.49,0.999894
-2.49,0.999872
-2.49,0.99991
-2.49,0.999876
-2.49,0.999874
-2.49,0.999884
-2.49,0.999882
-2.49,0.999898
-2.5,0.999886
-2.5,0.999894
-2.5,0.999924
-2.5,0.99984
-2.5,0.999862
-2.5,0.999884
-2.5,0.999874
-2.5,0.999882
-2.5,0.999876
-2.5,0.999876
-2.51,0.999902
-2.51,0.999908
-2.51,0.999868
-2.51,0.999886
-2.51,0.999894
-2.51,0.999876
-2.51,0.999884
-2.51,0.999882
-2.51,0.99989
-2.51,0.999836
-2.52,0.999862
-2.52,0.999886
-2.52,0.999882
-2.52,0.99987
-2.52,0.999866
-2.52,0.99988
-2.52,0.999872
-2.52,0.999898
-2.52,0.999854
-2.52,0.999862
-2.53,0.999904
-2.53,0.99984
-2.53,0.999872
-2.53,0.999842
-2.53,0.999858
-2.53,0.999862
-2.53,0.99986
-2.53,0.999886
-2.53,0.999872
-2.53,0.999856
-2.54,0.99986
-2.54,0.999872
-2.54,0.999882
-2.54,0.99988
-2.54,0.999874
-2.54,0.999886
-2.54,0.99986
-2.54,0.999858
-2.54,0.99987
-2.54,0.99987
-2.55,0.999866
-2.55,0.999862
-2.55,0.99988
-2.55,0.999872
-2.55,0.999846
-2.55,0.999876
-2.55,0.999878
-2.55,0.99987
-2.55,0.999866
-2.55,0.999854
-2.56,0.999862
-2.56,0.999884
-2.56,0.999848
-2.56,0.999866
-2.56,0.999838
-2.56,0.999872
-2.56,0.99984
-2.56,0.999844
-2.56,0.99988
-2.56,0.999864
-2.57,0.999858
-2.57,0.999834
-2.57,0.99985
-2.57,0.999868
-2.57,0.999858
-2.57,0.999838
-2.57,0.999834
-2.57,0.999862
-2.57,0.99987
-2.57,0.99987
-2.58,0.999884
-2.58,0.99985
-2.58,0.999866
-2.58,0.999872
-2.58,0.999876
-2.58,0.999856
-2.58,0.99985
-2.58,0.999872
-2.58,0.999892
-2.58,0.999862
-2.59,0.999868
-2.59,0.99986
-2.59,0.999856
-2.59,0.999876
-2.59,0.999858
-2.59,0.999884
-2.59,0.999858
-2.59,0.999838
-2.59,0.999866
-2.59,0.99983
-2.6,0.999866
-2.6,0.999848
-2.6,0.999828
-2.6,0.999876
-2.6,0.999856
-2.6,0.999842
-2.6,0.999848
-2.6,0.999854
-2.6,0.999856
-2.6,0.999846
-2.61,0.999834
-2.61,0.999844
-2.61,0.999832
-2.61,0.999834
-2.61,0.999848
-2.61,0.999844
-2.61,0.99985
-2.61,0.99983
-2.61,0.999842
-2.61,0.99985
-2.62,0.999844
-2.62,0.999844
-2.62,0.999852
-2.62,0.999806
-2.62,0.999856
-2.62,0.999794
-2.62,0.999852
-2.62,0.999852
-2.62,0.999824
-2.62,0.999838
-2.63,0.99984
-2.63,0.999862
-2.63,0.999868
-2.63,0.99984
-2.63,0.999856
-2.63,0.999834
-2.63,0.999856
-2.63,0.999876
-2.63,0.999842
-2.63,0.999856
-2.64,0.999846
-2.64,0.999848
-2.64,0.99984
-2.64,0.99983
-2.64,0.999794
-2.64,0.999838
-2.64,0.99982
-2.64,0.999846
-2.64,0.999832
-2.64,0.99985
-2.65,0.999848
-2.65,0.999832
-2.65,0.999808
-2.65,0.999834
-2.65,0.99986
-2.65,0.99984
-2.65,0.99981
-2.65,0.99987
-2.65,0.999848
-2.65,0.99984
-2.66,0.999802
-2.66,0.999816
-2.66,0.999812
-2.66,0.999824
-2.66,0.999828
-2.66,0.999848
-2.66,0.999836
-2.66,0.999836
-2.66,0.999878
-2.66,0.99982
-2.67,0.999792
-2.67,0.999836
-2.67,0.99981
-2.67,0.99981
-2.67,0.999814
-2.67,0.99983
-2.67,0.999822
-2.67,0.999832
-2.67,0.999794
-2.67,0.999832
-2.68,0.999796
-2.68,0.999842
-2.68,0.999804
-2.68,0.999824
-2.68,0.999796
-2.68,0.99979
-2.68,0.99982
-2.68,0.99985
-2.68,0.999812
-2.68,0.999828
-2.69,0.999834
-2.69,0.99984
-2.69,0.999816
-2.69,0.999808
-2.69,0.999794
-2.69,0.999814
-2.69,0.99982
-2.69,0.999816
-2.69,0.99982
-2.69,0.99982
-2.7,0.999822
-2.7,0.999852
-2.7,0.99985
-2.7,0.999762
-2.7,0.999824
-2.7,0.999822
-2.7,0.999828
-2.7,0.999836
-2.7,0.999842
-2.7,0.999826
-2.71,0.99979
-2.71,0.999824
-2.71,0.999806
-2.71,0.99979
-2.71,0.999822
-2.71,0.999804
-2.71,0.999758
-2.71,0.99981
-2.71,0.9998
-2.71,0.999806
-2.72,0.999806
-2.72,0.999804
-2.72,0.99977
-2.72,0.999822
-2.72,0.99981
-2.72,0.999798
-2.72,0.999744
-2.72,0.999834
-2.72,0.999788
-2.72,0.999806
-2.73,0.9998
-2.73,0.999764
-2.73,0.999744
-2.73,0.999796
-2.73,0.999786
-2.73,0.999776
-2.73,0.999798
-2.73,0.999822
-2.73,0.999802
-2.73,0.99982
-2.74,0.999778
-2.74,0.999792
-2.74,0.999808
-2.74,0.999772
-2.74,0.999782
-2.74,0.999782
-2.74,0.9998
-2.74,0.99982
-2.74,0.99981
-2.74,0.99981
-2.75,0.99978
-2.75,0.999804
-2.75,0.999768
-2.75,0.999838
-2.75,0.999758
-2.75,0.999808
-2.75,0.999784
-2.75,0.999772
-2.75,0.999794
-2.75,0.999768
-2.76,0.999772
-2.76,0.999772
-2.76,0.99983
-2.76,0.99981
-2.76,0.999772
-2.76,0.999774
-2.76,0.999808
-2.76,0.999776
-2.76,0.999806
-2.76,0.999784
-2.77,0.999764
-2.77,0.999776
-2.77,0.999768
-2.77,0.999814
-2.77,0.999766
-2.77,0.99981
-2.77,0.999776
-2.77,0.99977
-2.77,0.999808
-2.77,0.999802
-2.78,0.999782
-2.78,0.99977
-2.78,0.999798
-2.78,0.999776
-2.78,0.999764
-2.78,0.999768
-2.78,0.999792
-2.78,0.99979
-2.78,0.999774
-2.78,0.999784
-2.79,0.999784
-2.79,0.999776
-2.79,0.999798
-2.79,0.999794
-2.79,0.999796
-2.79,0.999764
-2.79,0.999762
-2.79,0.999754
-2.79,0.999762
-2.79,0.999768
-2.8,0.99978
-2.8,0.99976
-2.8,0.999776
-2.8,0.99977
-2.8,0.999792
-2.8,0.999798
-2.8,0.999794
-2.8,0.999784
-2.8,0.999774
-2.8,0.999804
-2.81,0.9998
-2.81,0.999778
-2.81,0.999806
-2.81,0.99977
-2.81,0.999774
-2.81,0.99975
-2.81,0.999766
-2.81,0.999768
-2.81,0.99974
-2.81,0.999762
-2.82,0.999814
-2.82,0.999756
-2.82,0.999762
-2.82,0.999766
-2.82,0.999792
-2.82,0.999782
-2.82,0.999774
-2.82,0.999742
-2.82,0.999792
-2.82,0.999736
-2.83,0.999784
-2.83,0.999732
-2.83,0.99976
-2.83,0.999732
-2.83,0.999762
-2.83,0.999796
-2.83,0.999776
-2.83,0.999748
-2.83,0.999756
-2.83,0.999754
-2.84,0.999774
-2.84,0.999772
-2.84,0.99976
-2.84,0.999758
-2.84,0.999776
-2.84,0.999748
-2.84,0.999758
-2.84,0.99974
-2.84,0.999738
-2.84,0.999742
-2.85,0.99974
-2.85,0.999768
-2.85,0.999738
-2.85,0.99968
-2.85,0.999794
-2.85,0.999734
-2.85,0.999702
-2.85,0.999714
-2.85,0.999758
-2.85,0.999746
-2.86,0.999758
-2.86,0.999766
-2.86,0.99974
-2.86,0.999712
-2.86,0.999718
-2.86,0.99976
-2.86,0.999774
-2.86,0.999766
-2.86,0.99974
-2.86,0.999722
-2.87,0.999718
-2.87,0.99975
-2.87,0.999778
-2.87,0.999756
-2.87,0.999752
-2.87,0.99971
-2.87,0.999742
-2.87,0.999726
-2.87,0.999758
-2.87,0.999728
-2.88,0.999778
-2.88,0.99969
-2.88,0.999734
-2.88,0.999722
-2.88,0.999752
-2.88,0.999714
-2.88,0.999698
-2.88,0.999692
-2.88,0.99974
-2.88,0.999722
-2.89,0.999716
-2.89,0.999764
-2.89,0.999738
-2.89,0.999718
-2.89,0.99974
-2.89,0.999712
-2.89,0.999736
-2.89,0.99969
-2.89,0.999744
-2.89,0.999688
-2.9,0.999724
-2.9,0.999716
-2.9,0.99971
-2.9,0.999716
-2.9,0.999714
-2.9,0.99974
-2.9,0.999716
-2.9,0.999686
-2.9,0.999758
-2.9,0.999744
-2.91,0.999744
-2.91,0.999708
-2.91,0.999734
-2.91,0.999764
-2.91,0.999734
-2.91,0.999718
-2.91,0.9997
-2.91,0.99974
-2.91,0.999752
-2.91,0.999708
-2.92,0.99972
-2.92,0.999716
-2.92,0.999754
-2.92,0.9997
-2.92,0.999688
-2.92,0.999716
-2.92,0.999712
-2.92,0.999726
-2.92,0.999748
-2.92,0.999714
-2.93,0.999696
-2.93,0.999714
-2.93,0.9997
-2.93,0.99973
-2.93,0.999706
-2.93,0.999688
-2.93,0.99973
-2.93,0.999736
-2.93,0.999702
-2.93,0.999662
-2.94,0.999714
-2.94,0.999716
-2.94,0.999714
-2.94,0.999686
-2.94,0.999696
-2.94,0.99972
-2.94,0.999724
-2.94,0.999708
-2.94,0.999736
-2.94,0.999706
-2.95,0.999722
-2.95,0.999684
-2.95,0.9997
-2.95,0.999728
-2.95,0.999696
-2.95,0.999722
-2.95,0.99969
-2.95,0.999668
-2.95,0.999742
-2.95,0.999682
-2.96,0.99971
-2.96,0.9997
-2.96,0.999692
-2.96,0.999678
-2.96,0.999724
-2.96,0.999632
-2.96,0.999658
-2.96,0.999654
-2.96,0.999726
-2.96,0.999734
-2.97,0.999678
-2.97,0.999678
-2.97,0.99965
-2.97,0.999686
-2.97,0.999662
-2.97,0.999688
-2.97,0.999698
-2.97,0.999664
-2.97,0.999668
-2.97,0.999678
-2.98,0.99967
-2.98,0.999642
-2.98,0.99971
-2.98,0.999644
-2.98,0.999656
-2.98,0.999712
-2.98,0.999622
-2.98,0.999686
-2.98,0.999644
-2.98,0.9997
-2.99,0.99966
-2.99,0.999634
-2.99,0.999672
-2.99,0.999678
-2.99,0.999652
-2.99,0.99968
-2.99,0.999668
-2.99,0.99966
-2.99,0.999716
-2.99,0.9997
-3,0.999698
-3,0.999686
-3,0.999662
-3,0.999676
-3,0.999686
-3,0.999686
-3,0.999702
-3,0.999674
-3,0.999632
-3,0.999662
-3.01,0.999622
-3.01,0.999668
-3.01,0.999674
-3.01,0.999654
-3.01,0.999672
-3.01,0.999664
-3.01,0.99967
-3.01,0.999646
-3.01,0.999676
-3.01,0.99963
-3.02,0.999666
-3.02,0.999656
-3.02,0.999628
-3.02,0.999638
-3.02,0.999682
-3.02,0.99965
-3.02,0.999696
-3.02,0.999638
-3.02,0.999668
-3.02,0.999694
-3.03,0.99962
-3.03,0.999664
-3.03,0.999666
-3.03,0.999624
-3.03,0.99961
-3.03,0.99964
-3.03,0.999632
-3.03,0.999652
-3.03,0.999634
-3.03,0.99965
-3.04,0.999602
-3.04,0.999658
-3.04,0.999586
-3.04,0.99968
-3.04,0.999706
-3.04,0.999694
-3.04,0.99956
-3.04,0.999626
-3.04,0.999656
-3.04,0.999656
-3.05,0.999654
-3.05,0.999596
-3.05,0.99965
-3.05,0.999612
-3.05,0.999654
-3.05,0.999644
-3.05,0.999672
-3.05,0.999634
-3.05,0.99965
-3.05,0.99962
-3.06,0.999594
-3.06,0.999654
-3.06,0.999588
-3.06,0.99964
-3.06,0.99965
-3.06,0.999606
-3.06,0.999658
-3.06,0.999598
-3.06,0.999598
-3.06,0.999608
-3.07,0.999556
-3.07,0.9996
-3.07,0.999596
-3.07,0.99966
-3.07,0.999624
-3.07,0.999602
-3.07,0.999602
-3.07,0.99961
-3.07,0.999606
-3.07,0.99964
-3.08,0.999634
-3.08,0.999584
-3.08,0.99956
-3.08,0.999564
-3.08,0.999604
-3.08,0.999598
-3.08,0.999646
-3.08,0.999594
-3.08,0.999572
-3.08,0.99962
-3.09,0.999584
-3.09,0.999656
-3.09,0.999642
-3.09,0.999592
-3.09,0.999594
-3.09,0.999544
-3.09,0.999592
-3.09,0.999616
-3.09,0.99958
-3.09,0.999612
-3.1,0.999566
-3.1,0.999594
-3.1,0.999596
-3.1,0.999592
-3.1,0.999562
-3.1,0.999616
-3.1,0.999642
-3.1,0.999558
-3.1,0.999628
-3.1,0.9996
-3.11,0.999528
-3.11,0.999576
-3.11,0.999598
-3.11,0.99958
-3.11,0.999578
-3.11,0.999588
-3.11,0.999598
-3.11,0.999604
-3.11,0.999532
-3.11,0.999602
-3.12,0.999588
-3.12,0.999558
-3.12,0.99961
-3.12,0.99957
-3.12,0.9996
-3.12,0.999554
-3.12,0.999542
-3.12,0.999566
-3.12,0.999544
-3.12,0.99962
-3.13,0.99954
-3.13,0.999562
-3.13,0.99955
-3.13,0.999542
-3.13,0.999528
-3.13,0.99955
-3.13,0.999566
-3.13,0.999554
-3.13,0.999548
-3.13,0.99962
-3.14,0.999528
-3.14,0.999606
-3.14,0.999568
-3.14,0.999542
-3.14,0.999574
-3.14,0.999546
-3.14,0.999552
-3.14,0.999534
-3.14,0.999538
-3.14,0.999522
-3.15,0.999518
-3.15,0.999588
-3.15,0.999497
-3.15,0.999497
-3.15,0.99953
-3.15,0.99955
-3.15,0.999546
-3.15,0.999497
-3.15,0.99954
-3.15,0.999512
-3.16,0.999562
-3.16,0.999558
-3.16,0.999514
-3.16,0.999526
-3.16,0.999574
-3.16,0.999524
-3.16,0.999524
-3.16,0.999554
-3.16,0.999568
-3.16,0.999572
-3.17,0.999483
-3.17,0.999447
-3.17,0.999528
-3.17,0.999477
-3.17,0.99955
-3.17,0.99952
-3.17,0.999516
-3.17,0.999479
-3.17,0.999552
-3.17,0.999532
-3.18,0.999534
-3.18,0.999506
-3.18,0.999508
-3.18,0.999477
-3.18,0.999536
-3.18,0.999548
-3.18,0.999508
-3.18,0.999516
-3.18,0.999516
-3.18,0.999493
-3.19,0.999506
-3.19,0.999471
-3.19,0.99953
-3.19,0.99952
-3.19,0.999499
-3.19,0.999512
-3.19,0.999475
-3.19,0.999516
-3.19,0.999524
-3.19,0.999504
-3.2,0.999502
-3.2,0.999526
-3.2,0.99952
-3.2,0.999491
-3.2,0.999419
-3.2,0.999485
-3.2,0.999524
-3.2,0.999556
-3.2,0.999475
-3.2,0.999524
-3.21,0.999489
-3.21,0.999508
-3.21,0.999508
-3.21,0.999465
-3.21,0.999491
-3.21,0.999467
-3.21,0.999471
-3.21,0.999463
-3.21,0.999453
-3.21,0.999506
-3.22,0.999512
-3.22,0.999459
-3.22,0.999502
-3.22,0.999506
-3.22,0.99954
-3.22,0.999433
-3.22,0.999481
-3.22,0.999469
-3.22,0.999487
-3.22,0.999479
-3.23,0.999391
-3.23,0.999465
-3.23,0.999409
-3.23,0.999445
-3.23,0.999457
-3.23,0.999455
-3.23,0.999477
-3.23,0.999471
-3.23,0.999489
-3.23,0.999506
-3.24,0.999506
-3.24,0.999483
-3.24,0.999475
-3.24,0.999479
-3.24,0.999461
-3.24,0.999439
-3.24,0.999493
-3.24,0.999449
-3.24,0.999526
-3.24,0.999421
-3.25,0.999491
-3.25,0.999447
-3.25,0.999427
-3.25,0.999469
-3.25,0.999457
-3.25,0.999463
-3.25,0.999459
-3.25,0.999441
-3.25,0.999467
-3.25,0.999465
-3.26,0.999389
-3.26,0.999443
-3.26,0.999415
-3.26,0.999395
-3.26,0.999379
-3.26,0.999419
-3.26,0.999447
-3.26,0.999413
-3.26,0.999411
-3.26,0.999421
-3.27,0.999417
-3.27,0.999389
-3.27,0.999433
-3.27,0.999385
-3.27,0.999471
-3.27,0.999405
-3.27,0.999413
-3.27,0.999335
-3.27,0.999473
-3.27,0.999419
-3.28,0.999369
-3.28,0.999409
-3.28,0.999397
-3.28,0.999425
-3.28,0.999365
-3.28,0.999369
-3.28,0.999407
-3.28,0.999325
-3.28,0.999377
-3.28,0.999353
-3.29,0.999403
-3.29,0.999357
-3.29,0.999359
-3.29,0.999337
-3.29,0.999347
-3.29,0.999351
-3.29,0.999387
-3.29,0.999379
-3.29,0.999391
-3.29,0.999333
-3.3,0.999309
-3.3,0.999399
-3.3,0.999403
-3.3,0.999435
-3.3,0.999433
-3.3,0.999397
-3.3,0.999391
-3.3,0.999377
-3.3,0.999355
-3.3,0.999443
-3.31,0.999347
-3.31,0.999377
-3.31,0.999439
-3.31,0.999351
-3.31,0.999293
-3.31,0.999405
-3.31,0.999365
-3.31,0.999353
-3.31,0.999383
-3.31,0.999407
-3.32,0.999399
-3.32,0.999345
-3.32,0.999331
-3.32,0.999335
-3.32,0.999401
-3.32,0.999337
-3.32,0.999361
-3.32,0.999371
-3.32,0.999367
-3.32,0.999345
-3.33,0.999327
-3.33,0.999365
-3.33,0.999295
-3.33,0.999363
-3.33,0.999415
-3.33,0.999381
-3.33,0.999265
-3.33,0.999399
-3.33,0.999369
-3.33,0.999349
-3.34,0.999285
-3.34,0.999321
-3.34,0.999331
-3.34,0.999335
-3.34,0.999351
-3.34,0.999307
-3.34,0.999335
-3.34,0.999331
-3.34,0.999307
-3.34,0.999329
-3.35,0.999335
-3.35,0.999311
-3.35,0.999315
-3.35,0.999287
-3.35,0.999395
-3.35,0.999349
-3.35,0.999265
-3.35,0.999271
-3.35,0.999265
-3.35,0.999273
-3.36,0.999303
-3.36,0.999233
-3.36,0.999313
-3.36,0.999421
-3.36,0.999287
-3.36,0.999267
-3.36,0.999311
-3.36,0.999303
-3.36,0.999259
-3.36,0.999331
-3.37,0.999315
-3.37,0.999243
-3.37,0.999289
-3.37,0.999293
-3.37,0.999317
-3.37,0.999281
-3.37,0.999255
-3.37,0.999349
-3.37,0.999303
-3.37,0.999287
-3.38,0.999215
-3.38,0.999305
-3.38,0.999205
-3.38,0.999287
-3.38,0.999299
-3.38,0.999211
-3.38,0.999267
-3.38,0.999295
-3.38,0.999235
-3.38,0.999225
-3.39,0.999293
-3.39,0.999271
-3.39,0.999231
-3.39,0.999289
-3.39,0.999191
-3.39,0.999239
-3.39,0.999217
-3.39,0.999267
-3.39,0.999271
-3.39,0.999289
-3.4,0.999275
-3.4,0.999217
-3.4,0.999249
-3.4,0.999273
-3.4,0.999289
-3.4,0.999251
-3.4,0.999213
-3.4,0.999271
-3.4,0.999249
-3.4,0.999277
-3.41,0.999257
-3.41,0.999195
-3.41,0.999229
-3.41,0.999239
-3.41,0.999149
-3.41,0.999239
-3.41,0.999247
-3.41,0.999227
-3.41,0.999219
-3.41,0.999195
-3.42,0.999245
-3.42,0.999247
-3.42,0.999251
-3.42,0.999205
-3.42,0.999193
-3.42,0.999179
-3.42,0.999223
-3.42,0.999229
-3.42,0.999191
-3.42,0.999225
-3.43,0.999219
-3.43,0.999243
-3.43,0.999181
-3.43,0.999255
-3.43,0.999189
-3.43,0.999203
-3.43,0.999169
-3.43,0.999185
-3.43,0.999133
-3.43,0.999231
-3.44,0.999211
-3.44,0.999131
-3.44,0.999245
-3.44,0.999137
-3.44,0.999129
-3.44,0.999149
-3.44,0.999115
-3.44,0.999203
-3.44,0.999205
-3.44,0.999205
-3.45,0.999127
-3.45,0.999123
-3.45,0.999169
-3.45,0.999153
-3.45,0.999175
-3.45,0.999143
-3.45,0.999155
-3.45,0.999179
-3.45,0.999173
-3.45,0.999165
-3.46,0.999153
-3.46,0.999155
-3.46,0.999169
-3.46,0.999109
-3.46,0.999143
-3.46,0.999163
-3.46,0.999123
-3.46,0.999175
-3.46,0.999123
-3.46,0.999133
-3.47,0.999087
-3.47,0.999153
-3.47,0.999117
-3.47,0.999053
-3.47,0.999085
-3.47,0.999161
-3.47,0.999125
-3.47,0.999155
-3.47,0.999149
-3.47,0.999125
-3.48,0.999107
-3.48,0.999173
-3.48,0.999083
-3.48,0.999201
-3.48,0.999117
-3.48,0.999107
-3.48,0.999169
-3.48,0.999159
-3.48,0.999091
-3.48,0.999073
-3.49,0.999045
-3.49,0.999083
-3.49,0.999093
-3.49,0.999101
-3.49,0.999061
-3.49,0.999033
-3.49,0.999069
-3.49,0.999133
-3.49,0.999063
-3.49,0.999087
-3.5,0.999111
-3.5,0.999065
-3.5,0.999113
-3.5,0.999121
-3.5,0.999011
-3.5,0.999095
-3.5,0.999113
-3.5,0.999099
-3.5,0.999055
-3.5,0.999039
-3.51,0.999013
-3.51,0.998993
-3.51,0.999101
-3.51,0.999083
-3.51,0.999049
-3.51,0.999021
-3.51,0.999035
-3.51,0.999075
-3.51,0.999029
-3.51,0.999017
-3.52,0.998989
-3.52,0.998975
-3.52,0.999085
-3.52,0.998995
-3.52,0.999099
-3.52,0.999001
-3.52,0.999011
-3.52,0.999013
-3.52,0.999095
-3.52,0.999015
-3.53,0.998941
-3.53,0.999023
-3.53,0.998995
-3.53,0.999063
-3.53,0.998921
-3.53,0.999007
-3.53,0.999081
-3.53,0.998963
-3.53,0.999053
-3.53,0.999071
-3.54,0.999009
-3.54,0.998949
-3.54,0.999001
-3.54,0.999039
-3.54,0.998953
-3.54,0.998985
-3.54,0.999023
-3.54,0.998927
-3.54,0.999061
-3.54,0.998923
-3.55,0.998947
-3.55,0.999035
-3.55,0.998945
-3.55,0.998997
-3.55,0.998889
-3.55,0.998959
-3.55,0.998939
-3.55,0.999007
-3.55,0.998871
-3.55,0.998921
-3.56,0.998969
-3.56,0.998877
-3.56,0.998937
-3.56,0.998889
-3.56,0.999051
-3.56,0.999009
-3.56,0.999003
-3.56,0.998935
-3.56,0.998925
-3.56,0.998963
-3.57,0.998939
-3.57,0.998937
-3.57,0.998981
-3.57,0.998945
-3.57,0.998999
-3.57,0.998943
-3.57,0.998881
-3.57,0.998955
-3.57,0.998987
-3.57,0.998927
-3.58,0.998897
-3.58,0.998945
-3.58,0.998913
-3.58,0.998809
-3.58,0.998871
-3.58,0.998873
-3.58,0.998913
-3.58,0.998895
-3.58,0.998923
-3.58,0.998939
-3.59,0.998891
-3.59,0.998851
-3.59,0.998899
-3.59,0.998903
-3.59,0.998871
-3.59,0.998907
-3.59,0.998815
-3.59,0.998831
-3.59,0.998967
-3.59,0.998829
-3.6,0.998977
-3.6,0.998843
-3.6,0.998813
-3.6,0.998823
-3.6,0.998875
-3.6,0.998807
-3.6,0.998783
-3.6,0.998789
-3.6,0.998887
-3.6,0.998877
-3.61,0.998713
-3.61,0.998815
-3.61,0.998897
-3.61,0.998865
-3.61,0.998839
-3.61,0.998831
-3.61,0.998795
-3.61,0.998801
-3.61,0.998859
-3.61,0.998815
-3.62,0.998827
-3.62,0.998813
-3.62,0.998791
-3.62,0.998823
-3.62,0.998893
-3.62,0.998755
-3.62,0.998825
-3.62,0.998767
-3.62,0.998855
-3.62,0.998781
-3.63,0.998681
-3.63,0.998869
-3.63,0.998753
-3.63,0.998855
-3.63,0.998837
-3.63,0.998747
-3.63,0.998741
-3.63,0.998679
-3.63,0.998809
-3.63,0.998849
-3.64,0.998749
-3.64,0.998777
-3.64,0.998763
-3.64,0.998793
-3.64,0.998759
-3.64,0.998779
-3.64,0.998749
-3.64,0.998709
-3.64,0.998829
-3.64,0.998853
-3.65,0.998607
-3.65,0.998639
-3.65,0.998797
-3.65,0.998755
-3.65,0.998689
-3.65,0.998699
-3.65,0.998733
-3.65,0.998607
-3.65,0.998709
-3.65,0.998653
-3.66,0.998751
-3.66,0.998777
-3.66,0.998707
-3.66,0.998731
-3.66,0.998687
-3.66,0.998765
-3.66,0.998671
-3.66,0.998843
-3.66,0.998703
-3.66,0.998655
-3.67,0.998689
-3.67,0.998699
-3.67,0.998657
-3.67,0.998697
-3.67,0.998659
-3.67,0.998711
-3.67,0.998709
-3.67,0.998713
-3.67,0.998693
-3.67,0.998653
-3.68,0.998635
-3.68,0.998647
-3.68,0.998661
-3.68,0.998681
-3.68,0.998701
-3.68,0.998635
-3.68,0.998623
-3.68,0.998591
-3.68,0.998623
-3.68,0.998791
-3.69,0.998581
-3.69,0.998661
-3.69,0.998589
-3.69,0.998701
-3.69,0.998551
-3.69,0.998697
-3.69,0.998659
-3.69,0.998555
-3.69,0.998657
-3.69,0.998683
-3.7,0.998509
-3.7,0.998617
-3.7,0.998486
-3.7,0.998631
-3.7,0.998559
-3.7,0.998593
-3.7,0.998613
-3.7,0.998535
-3.7,0.998633
-3.7,0.998621
-3.71,0.998575
-3.71,0.998615
-3.71,0.998659
-3.71,0.998478
-3.71,0.998476
-3.71,0.998653
-3.71,0.998617
-3.71,0.998549
-3.71,0.998527
-3.71,0.998565
-3.72,0.998511
-3.72,0.998595
-3.72,0.99845
-3.72,0.998657
-3.72,0.998492
-3.72,0.998517
-3.72,0.998601
-3.72,0.998525
-3.72,0.998533
-3.72,0.998591
-3.73,0.998575
-3.73,0.998486
-3.73,0.998541
-3.73,0.998452
-3.73,0.998639
-3.73,0.99849
-3.73,0.998452
-3.73,0.998523
-3.73,0.998513
-3.73,0.998507
-3.74,0.998352
-3.74,0.99846
-3.74,0.998535
-3.74,0.998563
-3.74,0.998505
-3.74,0.998432
-3.74,0.998557
-3.74,0.998486
-3.74,0.998513
-3.74,0.998482
-3.75,0.998444
-3.75,0.998523
-3.75,0.998394
-3.75,0.99843
-3.75,0.998382
-3.75,0.998509
-3.75,0.998424
-3.75,0.998442
-3.75,0.998581
-3.75,0.99843
-3.76,0.998438
-3.76,0.998452
-3.76,0.99843
-3.76,0.998374
-3.76,0.998458
-3.76,0.998388
-3.76,0.998368
-3.76,0.998422
-3.76,0.998356
-3.76,0.998366
-3.77,0.998434
-3.77,0.998422
-3.77,0.998372
-3.77,0.998462
-3.77,0.99841
-3.77,0.998302
-3.77,0.998378
-3.77,0.998478
-3.77,0.998336
-3.77,0.998426
-3.78,0.998292
-3.78,0.998312
-3.78,0.998424
-3.78,0.998398
-3.78,0.99835
-3.78,0.99841
-3.78,0.99842
-3.78,0.998392
-3.78,0.998374
-3.78,0.998322
-3.79,0.998406
-3.79,0.998264
-3.79,0.998388
-3.79,0.998408
-3.79,0.9982
-3.79,0.99845
-3.79,0.998262
-3.79,0.998288
-3.79,0.99835
-3.79,0.99821
-3.8,0.998162
-3.8,0.998186
-3.8,0.998268
-3.8,0.998232
-3.8,0.998294
-3.8,0.998358
-3.8,0.998218
-3.8,0.998328
-3.8,0.998294
-3.8,0.998214
-3.81,0.99829
-3.81,0.99819
-3.81,0.998218
-3.81,0.998258
-3.81,0.998154
-3.81,0.99819
-3.81,0.998166
-3.81,0.998398
-3.81,0.99817
-3.81,0.998254
-3.82,0.998134
-3.82,0.998248
-3.82,0.99819
-3.82,0.99821
-3.82,0.99813
-3.82,0.998166
-3.82,0.998206
-3.82,0.998208
-3.82,0.998184
-3.82,0.998216
-3.83,0.998174
-3.83,0.998222
-3.83,0.998256
-3.83,0.997974
-3.83,0.998246
-3.83,0.998188
-3.83,0.998274
-3.83,0.998146
-3.83,0.998152
-3.83,0.998114
-3.84,0.998062
-3.84,0.998132
-3.84,0.998126
-3.84,0.998186
-3.84,0.99819
-3.84,0.998074
-3.84,0.99811
-3.84,0.998194
-3.84,0.998072
-3.84,0.998146
-3.85,0.998096
-3.85,0.998122
-3.85,0.998104
-3.85,0.99808
-3.85,0.99813
-3.85,0.998186
-3.85,0.9981
-3.85,0.998168
-3.85,0.998128
-3.85,0.998154
-3.86,0.99805
-3.86,0.998248
-3.86,0.998012
-3.86,0.997972
-3.86,0.998026
-3.86,0.998038
-3.86,0.998032
-3.86,0.99799
-3.86,0.99803
-3.86,0.997988
-3.87,0.997964
-3.87,0.997964
-3.87,0.997926
-3.87,0.998038
-3.87,0.997862
-3.87,0.997954
-3.87,0.99818
-3.87,0.998016
-3.87,0.998006
-3.87,0.998042
-3.88,0.997968
-3.88,0.998082
-3.88,0.99801
-3.88,0.998014
-3.88,0.998022
-3.88,0.998034
-3.88,0.997888
-3.88,0.997926
-3.88,0.9981
-3.88,0.997978
-3.89,0.998044
-3.89,0.998002
-3.89,0.997922
-3.89,0.997828
-3.89,0.997942
-3.89,0.998026
-3.89,0.998018
-3.89,0.997856
-3.89,0.998016
-3.89,0.99798
-3.9,0.997878
-3.9,0.998008
-3.9,0.997962
-3.9,0.99779
-3.9,0.997864
-3.9,0.997912
-3.9,0.997874
-3.9,0.997918
-3.9,0.997862
-3.9,0.997834
-3.91,0.997842
-3.91,0.99795
-3.91,0.997842
-3.91,0.997814
-3.91,0.997974
-3.91,0.997844
-3.91,0.997964
-3.91,0.997958
-3.91,0.997732
-3.91,0.997942
-3.92,0.99785
-3.92,0.997766
-3.92,0.99786
-3.92,0.997876
-3.92,0.99786
-3.92,0.997852
-3.92,0.997878
-3.92,0.997772
-3.92,0.997636
-3.92,0.997922
-3.93,0.997696
-3.93,0.997678
-3.93,0.997802
-3.93,0.997766
-3.93,0.997846
-3.93,0.997672
-3.93,0.997696
-3.93,0.997812
-3.93,0.99781
-3.93,0.99761
-3.94,0.997728
-3.94,0.997762
-3.94,0.99768
-3.94,0.997774
-3.94,0.997708
-3.94,0.997654
-3.94,0.997674
-3.94,0.997676
-3.94,0.997706
-3.94,0.997664
-3.95,0.997724
-3.95,0.997676
-3.95,0.997546
-3.95,0.997708
-3.95,0.997504
-3.95,0.997616
-3.95,0.997626
-3.95,0.997592
-3.95,0.997674
-3.95,0.997642
-3.96,0.997678
-3.96,0.997546
-3.96,0.997686
-3.96,0.997636
-3.96,0.997686
-3.96,0.997688
-3.96,0.9976
-3.96,0.99757
-3.96,0.997497
-3.96,0.997586
-3.97,0.99771
-3.97,0.9977
-3.97,0.997532
-3.97,0.997606
-3.97,0.997572
-3.97,0.997548
-3.97,0.99766
-3.97,0.997634
-3.97,0.997489
-3.97,0.99762
-3.98,0.997421
-3.98,0.997491
-3.98,0.997471
-3.98,0.997471
-3.98,0.997584
-3.98,0.99761
-3.98,0.99753
-3.98,0.997419
-3.98,0.997514
-3.98,0.997544
-3.99,0.997347
-3.99,0.997411
-3.99,0.997443
-3.99,0.99759
-3.99,0.997463
-3.99,0.997413
-3.99,0.997433
-3.99,0.997399
-3.99,0.997385
-3.99,0.997385
-4,0.997383
-4,0.997552
-4,0.997345
-4,0.997387
-4,0.997491
-4,0.997403
-4,0.997303
-4,0.997391
-4,0.997518
-4,0.997415
-4.01,0.997485
-4.01,0.997401
-4.01,0.997369
-4.01,0.997337
-4.01,0.997435
-4.01,0.997359
-4.01,0.997135
-4.01,0.997367
-4.01,0.997295
-4.01,0.997463
-4.02,0.997197
-4.02,0.997321
-4.02,0.997217
-4.02,0.997299
-4.02,0.997365
-4.02,0.997231
-4.02,0.997311
-4.02,0.997355
-4.02,0.997217
-4.02,0.997115
-4.03,0.997307
-4.03,0.997265
-4.03,0.997195
-4.03,0.997173
-4.03,0.997245
-4.03,0.997187
-4.03,0.997245
-4.03,0.997177
-4.03,0.997205
-4.03,0.997239
-4.04,0.997135
-4.04,0.996923
-4.04,0.997145
-4.04,0.997143
-4.04,0.997187
-4.04,0.997211
-4.04,0.997217
-4.04,0.997115
-4.04,0.997189
-4.04,0.997115
-4.05,0.997193
-4.05,0.997141
-4.05,0.997093
-4.05,0.997149
-4.05,0.997165
-4.05,0.997077
-4.05,0.997159
-4.05,0.997047
-4.05,0.997031
-4.05,0.997121
-4.06,0.996923
-4.06,0.997159
-4.06,0.997041
-4.06,0.997027
-4.06,0.997115
-4.06,0.997165
-4.06,0.996969
-4.06,0.997063
-4.06,0.996983
-4.06,0.997037
-4.07,0.997057
-4.07,0.996713
-4.07,0.997049
-4.07,0.997047
-4.07,0.996929
-4.07,0.996885
-4.07,0.996915
-4.07,0.996953
-4.07,0.996807
-4.07,0.996953
-4.08,0.996963
-4.08,0.996955
-4.08,0.996861
-4.08,0.997049
-4.08,0.996807
-4.08,0.997025
-4.08,0.996855
-4.08,0.997089
-4.08,0.996833
-4.08,0.996881
-4.09,0.996809
-4.09,0.996813
-4.09,0.996899
-4.09,0.996843
-4.09,0.996827
-4.09,0.996895
-4.09,0.996911
-4.09,0.996777
-4.09,0.996947
-4.09,0.996669
-4.1,0.996899
-4.1,0.996987
-4.1,0.996757
-4.1,0.996861
-4.1,0.996845
-4.1,0.996859
-4.1,0.996853
-4.1,0.996705
-4.1,0.996737
-4.1,0.996849
-4.11,0.996595
-4.11,0.996737
-4.11,0.996899
-4.11,0.996735
-4.11,0.996723
-4.11,0.996751
-4.11,0.996719
-4.11,0.996771
-4.11,0.996707
-4.11,0.996691
-4.12,0.996527
-4.12,0.996583
-4.12,0.996541
-4.12,0.996657
-4.12,0.996697
-4.12,0.996651
-4.12,0.996569
-4.12,0.996599
-4.12,0.996717
-4.12,0.996691
-4.13,0.996523
-4.13,0.996537
-4.13,0.996575
-4.13,0.996781
-4.13,0.996563
-4.13,0.996581
-4.13,0.996581
-4.13,0.996537
-4.13,0.996505
-4.13,0.996505
-4.14,0.996645
-4.14,0.996402
-4.14,0.996519
-4.14,0.99638
-4.14,0.996392
-4.14,0.996484
-4.14,0.996484
-4.14,0.996432
-4.14,0.996412
-4.14,0.996466
-4.15,0.996358
-4.15,0.996274
-4.15,0.996434
-4.15,0.996318
-4.15,0.996364
-4.15,0.99637
-4.15,0.996376
-4.15,0.99638
-4.15,0.996384
-4.15,0.996388
-4.16,0.99624
-4.16,0.996374
-4.16,0.996276
-4.16,0.99631
-4.16,0.996308
-4.16,0.996228
-4.16,0.996494
-4.16,0.996242
-4.16,0.996426
-4.16,0.996537
-4.17,0.996376
-4.17,0.996272
-4.17,0.99638
-4.17,0.99616
-4.17,0.996232
-4.17,0.996376
-4.17,0.996178
-4.17,0.996352
-4.17,0.99631
-4.17,0.996258
-4.18,0.996204
-4.18,0.996154
-4.18,0.996184
-4.18,0.99604
-4.18,0.996218
-4.18,0.996242
-4.18,0.996158
-4.18,0.996102
-4.18,0.996096
-4.18,0.996374
-4.19,0.99608
-4.19,0.996024
-4.19,0.996128
-4.19,0.99604
-4.19,0.996066
-4.19,0.996242
-4.19,0.995922
-4.19,0.996066
-4.19,0.996182
-4.19,0.996088
-4.2,0.995956
-4.2,0.996136
-4.2,0.995976
-4.2,0.995934
-4.2,0.996038
-4.2,0.99602
-4.2,0.996144
-4.2,0.99607
-4.2,0.996098
-4.2,0.995912
-4.21,0.995878
-4.21,0.995802
-4.21,0.99583
-4.21,0.995774
-4.21,0.99603
-4.21,0.995836
-4.21,0.995878
-4.21,0.995768
-4.21,0.99588
-4.21,0.996078
-4.22,0.99574
-4.22,0.99583
-4.22,0.99572
-4.22,0.995714
-4.22,0.995722
-4.22,0.995846
-4.22,0.995684
-4.22,0.995842
-4.22,0.995718
-4.22,0.995884
-4.23,0.995776
-4.23,0.995988
-4.23,0.995734
-4.23,0.995774
-4.23,0.995728
-4.23,0.99567
-4.23,0.995588
-4.23,0.995764
-4.23,0.995926
-4.23,0.995792
-4.24,0.995548
-4.24,0.995487
-4.24,0.995471
-4.24,0.995552
-4.24,0.995548
-4.24,0.99578
-4.24,0.995558
-4.24,0.995634
-4.24,0.995622
-4.24,0.995636
-4.25,0.995632
-4.25,0.995419
-4.25,0.995355
-4.25,0.995281
-4.25,0.995522
-4.25,0.99568
-4.25,0.995608
-4.25,0.995574
-4.25,0.995666
-4.25,0.995526
-4.26,0.995393
-4.26,0.995491
-4.26,0.995451
-4.26,0.995548
-4.26,0.995455
-4.26,0.995455
-4.26,0.995502
-4.26,0.995453
-4.26,0.995502
-4.26,0.99565
-4.27,0.995479
-4.27,0.995413
-4.27,0.995301
-4.27,0.995395
-4.27,0.995327
-4.27,0.995339
-4.27,0.995253
-4.27,0.995361
-4.27,0.995299
-4.27,0.995303
-4.28,0.995277
-4.28,0.995205
-4.28,0.99554
-4.28,0.995239
-4.28,0.995165
-4.28,0.995133
-4.28,0.995245
-4.28,0.995199
-4.28,0.995385
-4.28,0.995277
-4.29,0.994931
-4.29,0.995067
-4.29,0.994965
-4.29,0.995291
-4.29,0.995159
-4.29,0.995009
-4.29,0.995203
-4.29,0.994891
-4.29,0.995311
-4.29,0.995093
-4.3,0.995107
-4.3,0.995043
-4.3,0.994771
-4.3,0.995069
-4.3,0.994843
-4.3,0.995161
-4.3,0.995183
-4.3,0.995161
-4.3,0.994923
-4.3,0.995133
-4.31,0.995065
-4.31,0.995073
-4.31,0.995069
-4.31,0.994987
-4.31,0.994861
-4.31,0.995023
-4.31,0.995041
-4.31,0.995073
-4.31,0.994889
-4.31,0.994971
-4.32,0.994989
-4.32,0.994861
-4.32,0.994795
-4.32,0.994911
-4.32,0.994683
-4.32,0.995009
-4.32,0.994589
-4.32,0.994931
-4.32,0.994951
-4.32,0.994629
-4.33,0.99442
-4.33,0.994649
-4.33,0.994723
-4.33,0.994663
-4.33,0.994781
-4.33,0.994725
-4.33,0.994753
-4.33,0.994673
-4.33,0.994551
-4.33,0.994765
-4.34,0.994404
-4.34,0.994486
-4.34,0.994711
-4.34,0.994517
-4.34,0.994332
-4.34,0.99449
-4.34,0.994627
-4.34,0.994607
-4.34,0.994585
-4.34,0.994342
-4.35,0.994484
-4.35,0.994494
-4.35,0.99447
-4.35,0.994428
-4.35,0.994472
-4.35,0.994492
-4.35,0.994356
-4.35,0.994284
-4.35,0.994258
-4.35,0.994601
-4.36,0.994579
-4.36,0.994388
-4.36,0.994276
-4.36,0.994336
-4.36,0.994372
-4.36,0.994316
-4.36,0.9943
-4.36,0.994308
-4.36,0.99441
-4.36,0.994302
-4.37,0.99431
-4.37,0.99422
-4.37,0.993918
-4.37,0.994062
-4.37,0.994116
-4.37,0.99425
-4.37,0.994264
-4.37,0.994312
-4.37,0.994192
-4.37,0.99438
-4.38,0.99398
-4.38,0.993976
-4.38,0.99413
-4.38,0.993864
-4.38,0.994192
-4.38,0.993998
-4.38,0.99403
-4.38,0.994154
-4.38,0.993918
-4.38,0.994158
-4.39,0.993904
-4.39,0.993916
-4.39,0.99392
-4.39,0.993992
-4.39,0.993966
-4.39,0.993726
-4.39,0.99398
-4.39,0.993926
-4.39,0.993944
-4.39,0.993896
-4.4,0.99389
-4.4,0.993808
-4.4,0.994062
-4.4,0.993696
-4.4,0.993922
-4.4,0.993702
-4.4,0.993806
-4.4,0.99381
-4.4,0.99383
-4.4,0.993908
-4.41,0.993479
-4.41,0.993638
-4.41,0.993704
-4.41,0.99369
-4.41,0.993656
-4.41,0.99366
-4.41,0.993419
-4.41,0.993752
-4.41,0.993798
-4.41,0.993672
-4.42,0.993367
-4.42,0.993357
-4.42,0.993558
-4.42,0.993429
-4.42,0.993536
-4.42,0.993522
-4.42,0.993508
-4.42,0.993481
-4.42,0.993387
-4.42,0.993497
-4.43,0.993347
-4.43,0.993293
-4.43,0.993231
-4.43,0.993435
-4.43,0.993353
-4.43,0.993351
-4.43,0.993423
-4.43,0.993417
-4.43,0.993307
-4.43,0.993229
-4.44,0.993077
-4.44,0.993279
-4.44,0.993473
-4.44,0.993135
-4.44,0.993245
-4.44,0.993508
-4.44,0.993411
-4.44,0.993149
-4.44,0.993263
-4.44,0.993389
-4.45,0.993187
-4.45,0.993153
-4.45,0.992949
-4.45,0.993381
-4.45,0.992957
-4.45,0.992937
-4.45,0.993043
-4.45,0.992871
-4.45,0.993007
-4.45,0.993063
-4.46,0.993013
-4.46,0.992737
-4.46,0.992963
-4.46,0.992783
-4.46,0.992885
-4.46,0.992725
-4.46,0.993001
-4.46,0.993155
-4.46,0.992985
-4.46,0.992763
-4.47,0.992509
-4.47,0.992923
-4.47,0.992681
-4.47,0.992635
-4.47,0.992599
-4.47,0.992729
-4.47,0.992615
-4.47,0.992845
-4.47,0.992733
-4.47,0.992557
-4.48,0.99233
-4.48,0.992907
-4.48,0.99234
-4.48,0.992358
-4.48,0.992545
-4.48,0.992803
-4.48,0.992525
-4.48,0.992755
-4.48,0.992511
-4.48,0.992402
-4.49,0.99246
-4.49,0.992587
-4.49,0.992609
-4.49,0.992292
-4.49,0.992557
-4.49,0.992464
-4.49,0.992364
-4.49,0.992394
-4.49,0.992515
-4.49,0.992246
-4.5,0.99232
-4.5,0.992274
-4.5,0.992364
-4.5,0.992148
-4.5,0.99232
-4.5,0.991978
-4.5,0.99206
-4.5,0.992242
-4.5,0.992276
-4.5,0.992262
-4.51,0.991944
-4.51,0.991928
-4.51,0.992082
-4.51,0.99222
-4.51,0.992146
-4.51,0.991924
-4.51,0.992188
-4.51,0.991966
-4.51,0.99197
-4.51,0.992096
-4.52,0.991922
-4.52,0.991884
-4.52,0.991886
-4.52,0.99165
-4.52,0.991774
-4.52,0.991902
-4.52,0.991708
-4.52,0.991756
-4.52,0.991978
-4.52,0.991582
-4.53,0.991582
-4.53,0.991586
-4.53,0.991367
-4.53,0.991634
-4.53,0.991872
-4.53,0.991596
-4.53,0.991736
-4.53,0.991506
-4.53,0.991483
-4.53,0.991479
-4.54,0.991379
-4.54,0.991648
-4.54,0.991143
-4.54,0.991341
-4.54,0.991576
-4.54,0.991534
-4.54,0.991217
-4.54,0.991419
-4.54,0.991173
-4.54,0.991303
-4.55,0.991165
-4.55,0.990969
-4.55,0.991183
-4.55,0.991483
-4.55,0.991333
-4.55,0.991129
-4.55,0.991231
-4.55,0.991175
-4.55,0.991215
-4.55,0.991377
-4.56,0.991001
-4.56,0.990861
-4.56,0.991093
-4.56,0.990883
-4.56,0.990923
-4.56,0.990923
-4.56,0.991051
-4.56,0.991263
-4.56,0.990765
-4.56,0.990913
-4.57,0.990723
-4.57,0.990743
-4.57,0.990873
-4.57,0.990825
-4.57,0.990671
-4.57,0.990695
-4.57,0.990859
-4.57,0.990949
-4.57,0.990895
-4.57,0.990937
-4.58,0.990426
-4.58,0.990474
-4.58,0.990831
-4.58,0.990631
-4.58,0.990484
-4.58,0.990428
-4.58,0.990432
-4.58,0.990567
-4.58,0.990893
-4.58,0.990623
-4.59,0.990336
-4.59,0.990284
-4.59,0.990234
-4.59,0.990274
-4.59,0.990549
-4.59,0.99025
-4.59,0.990521
-4.59,0.990352
-4.59,0.990304
-4.59,0.990408
-4.6,0.989938
-4.6,0.989988
-4.6,0.990042
-4.6,0.990154
-4.6,0.99001
-4.6,0.98992
-4.6,0.99005
-4.6,0.990178
-4.6,0.990144
-4.6,0.99004
-4.61,0.989918
-4.61,0.989588
-4.61,0.989836
-4.61,0.989828
-4.61,0.989762
-4.61,0.989684
-4.61,0.989904
-4.61,0.989534
-4.61,0.989716
-4.61,0.989988
-4.62,0.989241
-4.62,0.989419
-4.62,0.989319
-4.62,0.989397
-4.62,0.989437
-4.62,0.989391
-4.62,0.988939
-4.62,0.989638
-4.62,0.989479
-4.62,0.989624
-4.63,0.989359
-4.63,0.989367
-4.63,0.989023
-4.63,0.989329
-4.63,0.989245
-4.63,0.989185
-4.63,0.989291
-4.63,0.989151
-4.63,0.989223
-4.63,0.989219
-4.64,0.988595
-4.64,0.988941
-4.64,0.988955
-4.64,0.988917
-4.64,0.988933
-4.64,0.989003
-4.64,0.989069
-4.64,0.989065
-4.64,0.989047
-4.64,0.989065
-4.65,0.988645
-4.65,0.988657
-4.65,0.988488
-4.65,0.989075
-4.65,0.988915
-4.65,0.988488
-4.65,0.989005
-4.65,0.988785
-4.65,0.988492
-4.65,0.988833
-4.66,0.988721
-4.66,0.988374
-4.66,0.988222
-4.66,0.988112
-4.66,0.988585
-4.66,0.988274
-4.66,0.988298
-4.66,0.98809
-4.66,0.98846
-4.66,0.988601
-4.67,0.988116
-4.67,0.987784
-4.67,0.988192
-4.67,0.988044
-4.67,0.988124
-4.67,0.988124
-4.67,0.988184
-4.67,0.98803
-4.67,0.988228
-4.67,0.988328
-4.68,0.987888
-4.68,0.987656
-4.68,0.987708
-4.68,0.987824
-4.68,0.987746
-4.68,0.988126
-4.68,0.98783
-4.68,0.98809
-4.68,0.98784
-4.68,0.987842
-4.69,0.9877
-4.69,0.987516
-4.69,0.987395
-4.69,0.987259
-4.69,0.98754
-4.69,0.987375
-4.69,0.987423
-4.69,0.987748
-4.69,0.987702
-4.69,0.987331
-4.7,0.987005
-4.7,0.987185
-4.7,0.986929
-4.7,0.987243
-4.7,0.986995
-4.7,0.987179
-4.7,0.987317
-4.7,0.987053
-4.7,0.987429
-4.7,0.986943
-4.71,0.986997
-4.71,0.987105
-4.71,0.986673
-4.71,0.986801
-4.71,0.986799
-4.71,0.986799
-4.71,0.986865
-4.71,0.986835
-4.71,0.986555
-4.71,0.986525
-4.72,0.98637
-4.72,0.986965
-4.72,0.98611
-4.72,0.986464
-4.72,0.986336
-4.72,0.986635
-4.72,0.986382
-4.72,0.986494
-4.72,0.98634
-4.72,0.986683
-4.73,0.986392
-4.73,0.985876
-4.73,0.986374
-4.73,0.986092
-4.73,0.986148
-4.73,0.986094
-4.73,0.98582
-4.73,0.98629
-4.73,0.986292
-4.73,0.985982
-4.74,0.985299
-4.74,0.986062
-4.74,0.985872
-4.74,0.985892
-4.74,0.98594
-4.74,0.986062
-4.74,0.98594
-4.74,0.986032
-4.74,0.98587
-4.74,0.985299
-4.75,0.985305
-4.75,0.985421
-4.75,0.985469
-4.75,0.985165
-4.75,0.985291
-4.75,0.985155
-4.75,0.985265
-4.75,0.985489
-4.75,0.985145
-4.75,0.985493
-4.76,0.985075
-4.76,0.985055
-4.76,0.985023
-4.76,0.984881
-4.76,0.984879
-4.76,0.984585
-4.76,0.984889
-4.76,0.984805
-4.76,0.985033
-4.76,0.984797
-4.77,0.98435
-4.77,0.984837
-4.77,0.984521
-4.77,0.98421
-4.77,0.984322
-4.77,0.984386
-4.77,0.984486
-4.77,0.984412
-4.77,0.983882
-4.77,0.984178
-4.78,0.983924
-4.78,0.984426
-4.78,0.983926
-4.78,0.984266
-4.78,0.98414
-4.78,0.983572
-4.78,0.984735
-4.78,0.984222
-4.78,0.983996
-4.78,0.984302
-4.79,0.983419
-4.79,0.983656
-4.79,0.983568
-4.79,0.983241
-4.79,0.983479
-4.79,0.983504
-4.79,0.983672
-4.79,0.983826
-4.79,0.983576
-4.79,0.983606
-4.8,0.982679
-4.8,0.982963
-4.8,0.982843
-4.8,0.983019
-4.8,0.982719
-4.8,0.982739
-4.8,0.983065
-4.8,0.983193
-4.8,0.983187
-4.8,0.983459
-4.81,0.982567
-4.81,0.982547
-4.81,0.982298
-4.81,0.982575
-4.81,0.982875
-4.81,0.982841
-4.81,0.98248
-4.81,0.982625
-4.81,0.982446
-4.81,0.982581
-4.82,0.98176
-4.82,0.981996
-4.82,0.982076
-4.82,0.981982
-4.82,0.982222
-4.82,0.982174
-4.82,0.981922
-4.82,0.981706
-4.82,0.98202
-4.82,0.982348
-4.83,0.981982
-4.83,0.981435
-4.83,0.981337
-4.83,0.981403
-4.83,0.981473
-4.83,0.98171
-4.83,0.981694
-4.83,0.981558
-4.83,0.981223
-4.83,0.981576
-4.84,0.980637
-4.84,0.981181
-4.84,0.981039
-4.84,0.980635
-4.84,0.980913
-4.84,0.980733
-4.84,0.980919
-4.84,0.980923
-4.84,0.981081
-4.84,0.981051
-4.85,0.980178
-4.85,0.980452
-4.85,0.980028
-4.85,0.980324
-4.85,0.980202
-4.85,0.980567
-4.85,0.980466
-4.85,0.97997
-4.85,0.98008
-4.85,0.980386
-4.86,0.979918
-4.86,0.97995
-4.86,0.979882
-4.86,0.979055
-4.86,0.979772
-4.86,0.97982
-4.86,0.979838
-4.86,0.97986
-4.86,0.979483
-4.86,0.979928
-4.87,0.979447
-4.87,0.978813
-4.87,0.979283
-4.87,0.979039
-4.87,0.978795
-4.87,0.979389
-4.87,0.978905
-4.87,0.979173
-4.87,0.978879
-4.87,0.979213
-4.88,0.978476
-4.88,0.978376
-4.88,0.978917
-4.88,0.978436
-4.88,0.978052
-4.88,0.977946
-4.88,0.978737
-4.88,0.978066
-4.88,0.978529
-4.88,0.978048
-4.89,0.97773
-4.89,0.978032
-4.89,0.977622
-4.89,0.977311
-4.89,0.977097
-4.89,0.977335
-4.89,0.977345
-4.89,0.977564
-4.89,0.97772
-4.89,0.977361
-4.9,0.977199
-4.9,0.976653
-4.9,0.976741
-4.9,0.976711
-4.9,0.976775
-4.9,0.977233
-4.9,0.976478
-4.9,0.97645
-4.9,0.976715
-4.9,0.977251
-4.91,0.975912
-4.91,0.975746
-4.91,0.975846
-4.91,0.97554
-4.91,0.97599
-4.91,0.975798
-4.91,0.97556
-4.91,0.975644
-4.91,0.975538
-4.91,0.976106
-4.92,0.974851
-4.92,0.974883
-4.92,0.975175
-4.92,0.975159
-4.92,0.975201
-4.92,0.974883
-4.92,0.975263
-4.92,0.975123
-4.92,0.974979
-4.92,0.975355
-4.93,0.973798
-4.93,0.974206
-4.93,0.97365
-4.93,0.974845
-4.93,0.973932
-4.93,0.973924
-4.93,0.973415
-4.93,0.97396
-4.93,0.974164
-4.93,0.974316
-4.94,0.973469
-4.94,0.972731
-4.94,0.972805
-4.94,0.973069
-4.94,0.972707
-4.94,0.972937
-4.94,0.972727
-4.94,0.972859
-4.94,0.973007
-4.94,0.972733
-4.95,0.971976
-4.95,0.971435
-4.95,0.97223
-4.95,0.97185
-4.95,0.9719
-4.95,0.972172
-4.95,0.972006
-4.95,0.97195
-4.95,0.971708
-4.95,0.972168
-4.96,0.970262
-4.96,0.970406
-4.96,0.970464
-4.96,0.970677
-4.96,0.970847
-4.96,0.970202
-4.96,0.970643
-4.96,0.97038
-4.96,0.970408
-4.96,0.970813
-4.97,0.969692
-4.97,0.9697
-4.97,0.969333
-4.97,0.968785
-4.97,0.968941
-4.97,0.969101
-4.97,0.968943
-4.97,0.969339
-4.97,0.969419
-4.97,0.969544
-4.98,0.96775
-4.98,0.967301
-4.98,0.96765
-4.98,0.967888
-4.98,0.967938
-4.98,0.967794
-4.98,0.967844
-4.98,0.968138
-4.98,0.967339
-4.98,0.968104
-4.99,0.966282
-4.99,0.966653
-4.99,0.96582
-4.99,0.966276
-4.99,0.966154
-4.99,0.966006
-4.99,0.966392
-4.99,0.966132
-4.99,0.9661
-4.99,0.965756
-5,0.964192
-5,0.963189
-5,0.965107
-5,0.96383
-5,0.964054
-5,0.964224
-5,0.96435
-5,0.965219
-5,0.964072
-5,0.96437
-5.01,0.96202
-5.01,0.962743
-5.01,0.961872
-5.01,0.96199
-5.01,0.961425
-5.01,0.962535
-5.01,0.961465
-5.01,0.960943
-5.01,0.961303
-5.01,0.960631
-5.02,0.957608
-5.02,0.958356
-5.02,0.959129
-5.02,0.958761
-5.02,0.958126
-5.02,0.957948
-5.02,0.958178
-5.02,0.958543
-5.02,0.95833
-5.02,0.958322
-5.03,0.954436
-5.03,0.954096
-5.03,0.954224
-5.03,0.954468
-5.03,0.954569
-5.03,0.954038
-5.03,0.95439
-5.03,0.95605
-5.03,0.954018
-5.03,0.953886
-5.04,0.947425
-5.04,0.943495
-5.04,0.935215
-5.04,0.103738
-5.04,4.8048e-05
-5.04,3.2032e-05
-5.04,2.6026e-05
-5.04,3.8038e-05
-5.04,5.20521e-05
-5.04,4.2042e-05
-5.05,4.8048e-05
-5.05,2.2022e-05
-5.05,5.00501e-05
-5.05,2.8028e-05
-5.05,4.2042e-05
-5.05,3.6036e-05
-5.05,5.40541e-05
-5.05,4.2042e-05
-5.05,3.6036e-05
-5.05,5.80581e-05
-5.06,4.004e-05
-5.06,2.8028e-05
-5.06,5.80581e-05
-5.06,4.8048e-05
-5.06,2.002e-05
-5.06,5.20521e-05
-5.06,3.4034e-05
-5.06,4.4044e-05
-5.06,4.4044e-05
-5.06,3.8038e-05
-5.07,4.2042e-05
-5.07,3.003e-05
-5.07,3.4034e-05
-5.07,3.8038e-05
-5.07,2.8028e-05
-5.07,4.8048e-05
-5.07,4.4044e-05
-5.07,4.4044e-05
-5.07,4.8048e-05
-5.07,4.4044e-05
-5.08,4.004e-05
-5.08,2.4024e-05
-5.08,3.8038e-05
-5.08,3.6036e-05
-5.08,3.6036e-05
-5.08,4.2042e-05
-5.08,5.00501e-05
-5.08,3.6036e-05
-5.08,3.4034e-05
-5.08,3.8038e-05
-5.09,3.6036e-05
-5.09,4.004e-05
-5.09,4.004e-05
-5.09,3.003e-05
-5.09,5.00501e-05
-5.09,3.003e-05
-5.09,3.8038e-05
-5.09,2.4024e-05
-5.09,4.2042e-05
-5.09,4.6046e-05
-5.1,3.2032e-05
-5.1,3.6036e-05
-5.1,2.002e-05
-5.1,4.6046e-05
-5.1,3.4034e-05
-5.1,5.00501e-05
-5.1,3.4034e-05
-5.1,4.2042e-05
-5.1,4.004e-05
-5.1,4.2042e-05
-5.11,5.40541e-05
-5.11,4.004e-05
-5.11,4.2042e-05
-5.11,4.6046e-05
-5.11,3.8038e-05
-5.11,3.2032e-05
-5.11,3.8038e-05
-5.11,3.2032e-05
-5.11,3.003e-05
-5.11,3.8038e-05
-5.12,2.8028e-05
-5.12,2.2022e-05
-5.12,4.2042e-05
-5.12,3.4034e-05
-5.12,3.8038e-05
-5.12,4.6046e-05
-5.12,4.4044e-05
-5.12,3.6036e-05
-5.12,4.004e-05
-5.12,4.4044e-05
-5.13,3.2032e-05
-5.13,4.2042e-05
-5.13,3.2032e-05
-5.13,3.4034e-05
-5.13,3.2032e-05
-5.13,4.004e-05
-5.13,4.4044e-05
-5.13,2.6026e-05
-5.13,3.003e-05
-5.13,3.003e-05
-5.14,5.00501e-05
-5.14,3.2032e-05
-5.14,3.2032e-05
-5.14,3.2032e-05
-5.14,3.4034e-05
-5.14,3.003e-05
-5.14,4.4044e-05
-5.14,2.6026e-05
-5.14,2.4024e-05
-5.14,2.2022e-05
-5.15,2.002e-05
-5.15,4.6046e-05
-5.15,2.8028e-05
-5.15,2.6026e-05
-5.15,3.4034e-05
-5.15,3.4034e-05
-5.15,4.6046e-05
-5.15,3.003e-05
-5.15,4.2042e-05
-5.15,3.6036e-05
-5.16,1.4014e-05
-5.16,2.2022e-05
-5.16,3.8038e-05
-5.16,3.2032e-05
-5.16,3.4034e-05
-5.16,4.004e-05
-5.16,3.4034e-05
-5.16,3.003e-05
-5.16,4.004e-05
-5.16,2.8028e-05
-5.17,3.4034e-05
-5.17,2.6026e-05
-5.17,3.6036e-05
-5.17,2.6026e-05
-5.17,2.002e-05
-5.17,3.4034e-05
-5.17,2.6026e-05
-5.17,2.6026e-05
-5.17,3.6036e-05
-5.17,2.2022e-05
-5.18,3.8038e-05
-5.18,4.8048e-05
-5.18,3.6036e-05
-5.18,3.4034e-05
-5.18,2.4024e-05
-5.18,2.4024e-05
-5.18,3.003e-05
-5.18,3.2032e-05
-5.18,2.002e-05
-5.18,3.2032e-05
-5.19,2.002e-05
-5.19,3.003e-05
-5.19,2.4024e-05
-5.19,2.8028e-05
-5.19,2.4024e-05
-5.19,3.003e-05
-5.19,2.6026e-05
-5.19,3.2032e-05
-5.19,3.8038e-05
-5.19,5.00501e-05
-5.2,3.8038e-05
-5.2,3.003e-05
-5.2,2.4024e-05
-5.2,1.4014e-05
-5.2,3.6036e-05
-5.2,3.003e-05
-5.2,3.2032e-05
-5.2,2.2022e-05
-5.2,3.4034e-05
-5.2,2.8028e-05
-5.21,2.2022e-05
-5.21,2.2022e-05
-5.21,4.004e-05
-5.21,2.2022e-05
-5.21,2.8028e-05
-5.21,3.4034e-05
-5.21,2.6026e-05
-5.21,3.2032e-05
-5.21,2.6026e-05
-5.21,2.8028e-05
-5.22,4.4044e-05
-5.22,3.2032e-05
-5.22,2.6026e-05
-5.22,5.00501e-05
-5.22,2.8028e-05
-5.22,2.8028e-05
-5.22,3.6036e-05
-5.22,2.002e-05
-5.22,2.8028e-05
-5.22,3.8038e-05
-5.23,4.2042e-05
-5.23,4.4044e-05
-5.23,1.2012e-05
-5.23,2.6026e-05
-5.23,1.6016e-05
-5.23,3.2032e-05
-5.23,3.2032e-05
-5.23,3.003e-05
-5.23,1.6016e-05
-5.23,3.4034e-05
-5.24,3.003e-05
-5.24,3.8038e-05
-5.24,4.2042e-05
-5.24,4.4044e-05
-5.24,2.2022e-05
-5.24,3.003e-05
-5.24,3.6036e-05
-5.24,2.8028e-05
-5.24,3.6036e-05
-5.24,1.8018e-05
-5.25,2.6026e-05
-5.25,2.6026e-05
-5.25,1.6016e-05
-5.25,2.2022e-05
-5.25,2.4024e-05
-5.25,2.002e-05
-5.25,2.6026e-05
-5.25,2.8028e-05
-5.25,3.2032e-05
-5.25,3.003e-05
-5.26,2.6026e-05
-5.26,2.8028e-05
-5.26,1.6016e-05
-5.26,2.002e-05
-5.26,2.8028e-05
-5.26,3.4034e-05
-5.26,3.6036e-05
-5.26,2.8028e-05
-5.26,1.8018e-05
-5.26,2.6026e-05
-5.27,2.4024e-05
-5.27,1.001e-05
-5.27,3.6036e-05
-5.27,2.8028e-05
-5.27,2.4024e-05
-5.27,3.8038e-05
-5.27,2.2022e-05
-5.27,3.003e-05
-5.27,2.4024e-05
-5.27,2.8028e-05
-5.28,3.003e-05
-5.28,3.6036e-05
-5.28,3.6036e-05
-5.28,3.2032e-05
-5.28,3.2032e-05
-5.28,2.4024e-05
-5.28,4.4044e-05
-5.28,2.4024e-05
-5.28,2.002e-05
-5.28,1.4014e-05
-5.29,2.8028e-05
-5.29,3.003e-05
-5.29,2.8028e-05
-5.29,2.2022e-05
-5.29,2.4024e-05
-5.29,2.4024e-05
-5.29,3.003e-05
-5.29,2.8028e-05
-5.29,2.2022e-05
-5.29,2.002e-05
-5.3,2.8028e-05
-5.3,2.2022e-05
-5.3,1.6016e-05
-5.3,2.2022e-05
-5.3,2.8028e-05
-5.3,1.8018e-05
-5.3,2.8028e-05
-5.3,1.8018e-05
-5.3,1.4014e-05
-5.3,2.8028e-05
-5.31,1.8018e-05
-5.31,3.003e-05
-5.31,4.2042e-05
-5.31,2.6026e-05
-5.31,3.003e-05
-5.31,2.8028e-05
-5.31,2.6026e-05
-5.31,2.002e-05
-5.31,1.2012e-05
-5.31,2.2022e-05
-5.32,1.6016e-05
-5.32,3.003e-05
-5.32,1.4014e-05
-5.32,3.003e-05
-5.32,1.6016e-05
-5.32,2.6026e-05
-5.32,2.6026e-05
-5.32,1.4014e-05
-5.32,1.6016e-05
-5.32,1.4014e-05
-5.33,3.8038e-05
-5.33,1.8018e-05
-5.33,3.003e-05
-5.33,2.002e-05
-5.33,2.2022e-05
-5.33,2.6026e-05
-5.33,2.8028e-05
-5.33,1.6016e-05
-5.33,1.8018e-05
-5.33,2.6026e-05
-5.34,1.6016e-05
-5.34,2.8028e-05
-5.34,1.2012e-05
-5.34,1.4014e-05
-5.34,2.4024e-05
-5.34,3.2032e-05
-5.34,2.4024e-05
-5.34,2.4024e-05
-5.34,2.2022e-05
-5.34,3.003e-05
-5.35,2.2022e-05
-5.35,3.003e-05
-5.35,2.4024e-05
-5.35,3.2032e-05
-5.35,2.4024e-05
-5.35,2.2022e-05
-5.35,3.2032e-05
-5.35,1.001e-05
-5.35,3.2032e-05
-5.35,2.2022e-05
-5.36,1.8018e-05
-5.36,1.4014e-05
-5.36,3.4034e-05
-5.36,3.003e-05
-5.36,2.4024e-05
-5.36,3.2032e-05
-5.36,1.4014e-05
-5.36,1.4014e-05
-5.36,1.6016e-05
-5.36,1.8018e-05
-5.37,1.8018e-05
-5.37,3.003e-05
-5.37,1.6016e-05
-5.37,2.6026e-05
-5.37,2.002e-05
-5.37,2.4024e-05
-5.37,1.4014e-05
-5.37,3.2032e-05
-5.37,2.8028e-05
-5.37,3.003e-05
-5.38,1.6016e-05
-5.38,3.6036e-05
-5.38,2.002e-05
-5.38,2.6026e-05
-5.38,1.8018e-05
-5.38,3.6036e-05
-5.38,2.002e-05
-5.38,1.4014e-05
-5.38,2.2022e-05
-5.38,1.8018e-05
-5.39,2.8028e-05
-5.39,1.4014e-05
-5.39,1.2012e-05
-5.39,2.4024e-05
-5.39,2.8028e-05
-5.39,1.8018e-05
-5.39,2.002e-05
-5.39,3.2032e-05
-5.39,2.8028e-05
-5.39,2.002e-05
-5.4,2.002e-05
-5.4,1.6016e-05
-5.4,3.4034e-05
-5.4,2.002e-05
-5.4,2.002e-05
-5.4,2.2022e-05
-5.4,2.2022e-05
-5.4,2.002e-05
-5.4,8.00801e-06
-5.4,2.4024e-05
-5.41,1.6016e-05
-5.41,1.001e-05
-5.41,2.6026e-05
-5.41,2.2022e-05
-5.41,2.002e-05
-5.41,2.4024e-05
-5.41,1.8018e-05
-5.41,1.4014e-05
-5.41,2.2022e-05
-5.41,3.2032e-05
-5.42,1.2012e-05
-5.42,1.6016e-05
-5.42,1.001e-05
-5.42,1.4014e-05
-5.42,2.8028e-05
-5.42,2.6026e-05
-5.42,2.2022e-05
-5.42,1.6016e-05
-5.42,1.6016e-05
-5.42,1.8018e-05
-5.43,2.6026e-05
-5.43,1.6016e-05
-5.43,2.6026e-05
-5.43,2.4024e-05
-5.43,1.4014e-05
-5.43,2.002e-05
-5.43,1.8018e-05
-5.43,2.2022e-05
-5.43,2.4024e-05
-5.43,8.00801e-06
-5.44,1.6016e-05
-5.44,2.2022e-05
-5.44,2.2022e-05
-5.44,1.001e-05
-5.44,2.2022e-05
-5.44,2.002e-05
-5.44,8.00801e-06
-5.44,2.2022e-05
-5.44,6.00601e-06
-5.44,1.4014e-05
-5.45,2.002e-05
-5.45,2.002e-05
-5.45,3.003e-05
-5.45,8.00801e-06
-5.45,2.2022e-05
-5.45,2.8028e-05
-5.45,1.2012e-05
-5.45,1.6016e-05
-5.45,8.00801e-06
-5.45,2.002e-05
-5.46,2.2022e-05
-5.46,1.8018e-05
-5.46,4.004e-06
-5.46,2.8028e-05
-5.46,1.2012e-05
-5.46,1.4014e-05
-5.46,2.002e-05
-5.46,3.4034e-05
-5.46,8.00801e-06
-5.46,2.6026e-05
-5.47,2.002e-05
-5.47,3.003e-05
-5.47,8.00801e-06
-5.47,1.4014e-05
-5.47,4.004e-05
-5.47,4.004e-06
-5.47,1.2012e-05
-5.47,2.2022e-05
-5.47,1.2012e-05
-5.47,2.002e-05
-5.48,1.8018e-05
-5.48,2.002e-05
-5.48,1.001e-05
-5.48,1.8018e-05
-5.48,2.002e-05
-5.48,2.4024e-05
-5.48,1.4014e-05
-5.48,1.8018e-05
-5.48,2.002e-05
-5.48,3.4034e-05
-5.49,2.2022e-05
-5.49,2.6026e-05
-5.49,1.8018e-05
-5.49,2.002e-05
-5.49,1.6016e-05
-5.49,8.00801e-06
-5.49,2.2022e-05
-5.49,6.00601e-06
-5.49,2.2022e-05
-5.49,3.2032e-05
-5.5,1.2012e-05
-5.5,1.6016e-05
-5.5,1.2012e-05
-5.5,1.2012e-05
-5.5,1.8018e-05
-5.5,1.4014e-05
-5.5,1.8018e-05
-5.5,2.2022e-05
-5.5,1.8018e-05
-5.5,1.8018e-05
