-5.5,1.001e-05
-5.5,1.4014e-05
-5.5,1.4014e-05
-5.5,1.2012e-05
-5.5,1.4014e-05
-5.5,1.8018e-05
-5.5,2.2022e-05
-5.5,1.2012e-05
-5.5,1.001e-05
-5.5,2.002e-05
-5.49,3.003e-05
-5.49,1.2012e-05
-5.49,2.002e-05
-5.49,1.6016e-05
-5.49,1.001e-05
-5.49,2.8028e-05
-5.49,2.002e-05
-5.49,1.8018e-05
-5.49,2.002e-05
-5.49,2.002e-05
-5.48,1.4014e-05
-5.48,1.6016e-05
-5.48,1.001e-05
-5.48,1.4014e-05
-5.48,1.4014e-05
-5.48,1.6016e-05
-5.48,2.6026e-05
-5.48,2.2022e-05
-5.48,2.2022e-05
-5.48,1.6016e-05
-5.47,1.4014e-05
-5.47,1.4014e-05
-5.47,1.2012e-05
-5.47,1.6016e-05
-5.47,1.8018e-05
-5.47,6.00601e-06
-5.47,8.00801e-06
-5.47,1.8018e-05
-5.47,1.6016e-05
-5.47,1.8018e-05
-5.46,1.2012e-05
-5.46,2.2022e-05
-5.46,2.2022e-05
-5.46,3.8038e-05
-5.46,1.2012e-05
-5.46,2.2022e-05
-5.46,2.002e-05
-5.46,2.2022e-05
-5.46,1.8018e-05
-5.46,4.004e-06
-5.45,1.8018e-05
-5.45,1.6016e-05
-5.45,2.8028e-05
-5.45,8.00801e-06
-5.45,1.2012e-05
-5.45,8.00801e-06
-5.45,2.002e-05
-5.45,2.002e-05
-5.45,3.003e-05
-5.45,2.8028e-05
-5.44,2.002e-05
-5.44,1.6016e-05
-5.44,1.6016e-05
-5.44,2.002e-05
-5.44,1.4014e-05
-5.44,2.6026e-05
-5.44,2.8028e-05
-5.44,2.8028e-05
-5.44,1.6016e-05
-5.44,3.6036e-05
-5.43,1.6016e-05
-5.43,2.2022e-05
-5.43,2.4024e-05
-5.43,1.2012e-05
-5.43,2.4024e-05
-5.43,1.6016e-05
-5.43,3.003e-05
-5.43,2.002e-05
-5.43,2.002e-05
-5.43,2.4024e-05
-5.42,2.4024e-05
-5.42,2.2022e-05
-5.42,1.8018e-05
-5.42,2.2022e-05
-5.42,2.4024e-05
-5.42,2.8028e-05
-5.42,2.4024e-05
-5.42,2.002e-05
-5.42,2.4024e-05
-5.42,2.8028e-05
-5.41,1.8018e-05
-5.41,2.4024e-05
-5.41,2.002e-05
-5.41,3.4034e-05
-5.41,1.6016e-05
-5.41,1.2012e-05
-5.41,2.2022e-05
-5.41,1.4014e-05
-5.41,2.8028e-05
-5.41,2.4024e-05
-5.4,1.4014e-05
-5.4,2.4024e-05
-5.4,1.6016e-05
-5.4,2.4024e-05
-5.4,2.4024e-05
-5.4,1.4014e-05
-5.4,2.2022e-05
-5.4,2.6026e-05
-5.4,2.8028e-05
-5.4,2.002e-05
-5.39,1.6016e-05
-5.39,1.8018e-05
-5.39,1.8018e-05
-5.39,2.4024e-05
-5.39,2.4024e-05
-5.39,2.002e-05
-5.39,1.001e-05
-5.39,2.002e-05
-5.39,1.2012e-05
-5.39,2.6026e-05
-5.38,2.6026e-05
-5.38,1.4014e-05
-5.38,1.4014e-05
-5.38,2.2022e-05
-5.38,2.2022e-05
-5.38,2.8028e-05
-5.38,2.4024e-05
-5.38,2.4024e-05
-5.38,2.002e-05
-5.38,3.6036e-05
-5.37,2.002e-05
-5.37,3.2032e-05
-5.37,1.6016e-05
-5.37,1.2012e-05
-5.37,1.6016e-05
-5.37,2.4024e-05
-5.37,3.2032e-05
-5.37,1.001e-05
-5.37,1.2012e-05
-5.37,1.2012e-05
-5.36,1.6016e-05
-5.36,1.4014e-05
-5.36,3.2032e-05
-5.36,3.003e-05
-5.36,2.4024e-05
-5.36,3.6036e-05
-5.36,3.2032e-05
-5.36,2.2022e-05
-5.36,2.8028e-05
-5.36,1.8018e-05
-5.35,2.4024e-05
-5.35,2.8028e-05
-5.35,1.8018e-05
-5.35,2.6026e-05
-5.35,1.6016e-05
-5.35,1.6016e-05
-5.35,2.2022e-05
-5.35,1.2012e-05
-5.35,1.6016e-05
-5.35,2.002e-05
-5.34,3.003e-05
-5.34,1.4014e-05
-5.34,2.6026e-05
-5.34,1.4014e-05
-5.34,1.8018e-05
-5.34,2.8028e-05
-5.34,1.8018e-05
-5.34,1.8018e-05
-5.34,1.6016e-05
-5.34,2.2022e-05
-5.33,3.003e-05
-5.33,1.8018e-05
-5.33,2.6026e-05
-5.33,3.4034e-05
-5.33,2.2022e-05
-5.33,2.8028e-05
-5.33,2.2022e-05
-5.33,2.6026e-05
-5.33,4.2042e-05
-5.33,2.8028e-05
-5.32,2.002e-05
-5.32,8.00801e-06
-5.32,3.2032e-05
-5.32,2.6026e-05
-5.32,1.6016e-05
-5.32,1.8018e-05
-5.32,2.4024e-05
-5.32,2.4024e-05
-5.32,4.2042e-05
-5.32,2.4024e-05
-5.31,3.2032e-05
-5.31,2.002e-05
-5.31,2.2022e-05
-5.31,2.6026e-05
-5.31,2.2022e-05
-5.31,1.2012e-05
-5.31,2.2022e-05
-5.31,2.002e-05
-5.31,2.2022e-05
-5.31,1.8018e-05
-5.3,2.002e-05
-5.3,3.4034e-05
-5.3,2.4024e-05
-5.3,2.002e-05
-5.3,2.4024e-05
-5.3,2.2022e-05
-5.3,1.8018e-05
-5.3,2.6026e-05
-5.3,2.002e-05
-5.3,1.4014e-05
-5.29,2.2022e-05
-5.29,2.4024e-05
-5.29,2.002e-05
-5.29,2.2022e-05
-5.29,2.8028e-05
-5.29,2.2022e-05
-5.29,2.002e-05
-5.29,3.2032e-05
-5.29,3.6036e-05
-5.29,1.6016e-05
-5.28,2.8028e-05
-5.28,2.002e-05
-5.28,2.8028e-05
-5.28,3.003e-05
-5.28,2.4024e-05
-5.28,2.6026e-05
-5.28,2.002e-05
-5.28,1.8018e-05
-5.28,1.2012e-05
-5.28,1.4014e-05
-5.27,2.4024e-05
-5.27,3.8038e-05
-5.27,3.4034e-05
-5.27,2.2022e-05
-5.27,2.8028e-05
-5.27,2.8028e-05
-5.27,2.6026e-05
-5.27,3.2032e-05
-5.27,2.8028e-05
-5.27,2.4024e-05
-5.26,2.2022e-05
-5.26,1.6016e-05
-5.26,1.6016e-05
-5.26,3.003e-05
-5.26,3.003e-05
-5.26,3.6036e-05
-5.26,3.003e-05
-5.26,3.4034e-05
-5.26,2.6026e-05
-5.26,1.8018e-05
-5.25,2.002e-05
-5.25,1.6016e-05
-5.25,3.8038e-05
-5.25,3.2032e-05
-5.25,2.4024e-05
-5.25,2.6026e-05
-5.25,1.8018e-05
-5.25,4.2042e-05
-5.25,3.4034e-05
-5.25,2.8028e-05
-5.24,2.4024e-05
-5.24,4.2042e-05
-5.24,3.2032e-05
-5.24,4.004e-05
-5.24,2.8028e-05
-5.24,2.2022e-05
-5.24,4.6046e-05
-5.24,3.003e-05
-5.24,3.8038e-05
-5.24,2.4024e-05
-5.23,2.6026e-05
-5.23,1.6016e-05
-5.23,2.2022e-05
-5.23,3.2032e-05
-5.23,3.8038e-05
-5.23,3.003e-05
-5.23,2.002e-05
-5.23,3.2032e-05
-5.23,3.2032e-05
-5.23,2.6026e-05
-5.22,1.6016e-05
-5.22,4.2042e-05
-5.22,4.2042e-05
-5.22,3.2032e-05
-5.22,2.6026e-05
-5.22,1.001e-05
-5.22,3.4034e-05
-5.22,3.4034e-05
-5.22,2.8028e-05
-5.22,1.8018e-05
-5.21,3.2032e-05
-5.21,3.6036e-05
-5.21,1.4014e-05
-5.21,3.6036e-05
-5.21,3.8038e-05
-5.21,2.002e-05
-5.21,2.8028e-05
-5.21,2.4024e-05
-5.21,3.6036e-05
-5.21,2.4024e-05
-5.2,4.004e-05
-5.2,6.20621e-05
-5.2,3.003e-05
-5.2,3.6036e-05
-5.2,3.2032e-05
-5.2,4.2042e-05
-5.2,2.6026e-05
-5.2,3.003e-05
-5.2,2.6026e-05
-5.2,3.2032e-05
-5.19,3.003e-05
-5.19,4.8048e-05
-5.19,3.4034e-05
-5.19,2.2022e-05
-5.19,2.8028e-05
-5.19,3.003e-05
-5.19,3.003e-05
-5.19,1.8018e-05
-5.19,3.003e-05
-5.19,3.6036e-05
-5.18,3.2032e-05
-5.18,3.2032e-05
-5.18,2.6026e-05
-5.18,3.4034e-05
-5.18,4.004e-05
-5.18,2.4024e-05
-5.18,4.004e-05
-5.18,2.2022e-05
-5.18,3.4034e-05
-5.18,4.4044e-05
-5.17,4.004e-05
-5.17,2.6026e-05
-5.17,3.003e-05
-5.17,2.4024e-05
-5.17,2.6026e-05
-5.17,2.4024e-05
-5.17,2.6026e-05
-5.17,3.6036e-05
-5.17,3.6036e-05
-5.17,3.003e-05
-5.16,4.004e-05
-5.16,2.6026e-05
-5.16,4.2042e-05
-5.16,3.4034e-05
-5.16,3.8038e-05
-5.16,3.003e-05
-5.16,2.2022e-05
-5.16,3.4034e-05
-5.16,4.4044e-05
-5.16,3.003e-05
-5.15,4.2042e-05
-5.15,3.8038e-05
-5.15,3.6036e-05
-5.15,4.8048e-05
-5.15,5.40541e-05
-5.15,1.8018e-05
-5.15,2.6026e-05
-5.15,3.4034e-05
-5.15,3.2032e-05
-5.15,3.8038e-05
-5.14,1.6016e-05
-5.14,3.4034e-05
-5.14,3.2032e-05
-5.14,2.6026e-05
-5.14,3.003e-05
-5.14,4.8048e-05
-5.14,3.2032e-05
-5.14,3.8038e-05
-5.14,4.4044e-05
-5.14,4.2042e-05
-5.13,4.004e-05
-5.13,4.4044e-05
-5.13,3.4034e-05
-5.13,1.8018e-05
-5.13,3.003e-05
-5.13,3.8038e-05
-5.13,2.8028e-05
-5.13,3.2032e-05
-5.13,1.4014e-05
-5.13,3.003e-05
-5.12,4.8048e-05
-5.12,3.4034e-05
-5.12,4.4044e-05
-5.12,5.20521e-05
-5.12,4.4044e-05
-5.12,4.6046e-05
-5.12,4.6046e-05
-5.12,1.6016e-05
-5.12,4.2042e-05
-5.12,2.8028e-05
-5.11,3.8038e-05
-5.11,5.00501e-05
-5.11,4.6046e-05
-5.11,3.6036e-05
-5.11,2.6026e-05
-5.11,2.2022e-05
-5.11,2.8028e-05
-5.11,4.4044e-05
-5.11,2.6026e-05
-5.11,5.20521e-05
-5.1,4.6046e-05
-5.1,4.8048e-05
-5.1,1.4014e-05
-5.1,4.2042e-05
-5.1,3.4034e-05
-5.1,3.003e-05
-5.1,3.2032e-05
-5.1,4.6046e-05
-5.1,2.6026e-05
-5.1,2.8028e-05
-5.09,4.2042e-05
-5.09,2.6026e-05
-5.09,3.4034e-05
-5.09,3.4034e-05
-5.09,3.4034e-05
-5.09,3.003e-05
-5.09,4.4044e-05
-5.09,2.8028e-05
-5.09,3.6036e-05
-5.09,3.4034e-05
-5.08,2.6026e-05
-5.08,3.4034e-05
-5.08,4.004e-05
-5.08,3.2032e-05
-5.08,3.8038e-05
-5.08,5.00501e-05
-5.08,4.004e-05
-5.08,4.4044e-05
-5.08,3.2032e-05
-5.08,5.00501e-05
-5.07,2.2022e-05
-5.07,4.6046e-05
-5.07,2.6026e-05
-5.07,3.8038e-05
-5.07,2.002e-05
-5.07,3.6036e-05
-5.07,5.80581e-05
-5.07,3.8038e-05
-5.07,3.4034e-05
-5.07,3.6036e-05
-5.06,4.4044e-05
-5.06,4.4044e-05
-5.06,3.8038e-05
-5.06,3.8038e-05
-5.06,6.00601e-05
-5.06,4.6046e-05
-5.06,4.004e-05
-5.06,4.4044e-05
-5.06,2.8028e-05
-5.06,4.8048e-05
-5.05,3.8038e-05
-5.05,5.00501e-05
-5.05,3.8038e-05
-5.05,3.6036e-05
-5.05,3.8038e-05
-5.05,6.00601e-05
-5.05,4.4044e-05
-5.05,2.4024e-05
-5.05,3.6036e-05
-5.05,2.8028e-05
-5.04,5.00501e-05
-5.04,4.004e-05
-5.04,4.4044e-05
-5.04,4.4044e-05
-5.04,5.40541e-05
-5.04,4.6046e-05
-5.04,4.2042e-05
-5.04,2.4024e-05
-5.04,4.4044e-05
-5.04,4.004e-05
-5.03,5.00501e-05
-5.03,5.00501e-05
-5.03,3.6036e-05
-5.03,5.00501e-05
-5.03,4.4044e-05
-5.03,3.8038e-05
-5.03,2.6026e-05
-5.03,4.004e-05
-5.03,5.60561e-05
-5.03,3.8038e-05
-5.02,4.004e-05
-5.02,3.8038e-05
-5.02,4.6046e-05
-5.02,5.00501e-05
-5.02,5.60561e-05
-5.02,5.60561e-05
-5.02,3.4034e-05
-5.02,5.40541e-05
-5.02,4.004e-05
-5.02,4.004e-05
-5.01,4.8048e-05
-5.01,3.8038e-05
-5.01,4.4044e-05
-5.01,4.4044e-05
-5.01,4.6046e-05
-5.01,4.2042e-05
-5.01,6.20621e-05
-5.01,2.6026e-05
-5.01,2.4024e-05
-5.01,4.4044e-05
-5,4.6046e-05
-5,5.40541e-05
-5,4.4044e-05
-5,2.8028e-05
-5,4.8048e-05
-5,3.8038e-05
-5,3.4034e-05
-5,3.4034e-05
-5,4.004e-05
-5,2.4024e-05
-4.99,4.8048e-05
-4.99,4.6046e-05
-4.99,5.40541e-05
-4.99,3.2032e-05
-4.99,3.8038e-05
-4.99,4.2042e-05
-4.99,5.00501e-05
-4.99,4.8048e-05
-4.99,4.2042e-05
-4.99,2.6026e-05
-4.98,4.004e-05
-4.98,3.6036e-05
-4.98,5.20521e-05
-4.98,4.8048e-05
-4.98,4.2042e-05
-4.98,4.4044e-05
-4.98,4.2042e-05
-4.98,3.8038e-05
-4.98,5.00501e-05
-4.98,4.4044e-05
-4.97,5.40541e-05
-4.97,6.00601e-05
-4.97,4.4044e-05
-4.97,5.00501e-05
-4.97,5.40541e-05
-4.97,5.00501e-05
-4.97,5.20521e-05
-4.97,3.8038e-05
-4.97,5.00501e-05
-4.97,5.60561e-05
-4.96,5.80581e-05
-4.96,4.6046e-05
-4.96,4.004e-05
-4.96,4.4044e-05
-4.96,5.00501e-05
-4.96,4.4044e-05
-4.96,4.4044e-05
-4.96,4.6046e-05
-4.96,4.6046e-05
-4.96,3.6036e-05
-4.95,5.20521e-05
-4.95,4.8048e-05
-4.95,6.20621e-05
-4.95,3.8038e-05
-4.95,5.00501e-05
-4.95,6.00601e-05
-4.95,4.2042e-05
-4.95,3.2032e-05
-4.95,4.4044e-05
-4.95,7.60761e-05
-4.94,4.2042e-05
-4.94,5.20521e-05
-4.94,5.00501e-05
-4.94,6.20621e-05
-4.94,4.4044e-05
-4.94,5.00501e-05
-4.94,4.6046e-05
-4.94,4.2042e-05
-4.94,5.00501e-05
-4.94,6.60661e-05
-4.93,4.8048e-05
-4.93,6.40641e-05
-4.93,4.2042e-05
-4.93,4.8048e-05
-4.93,4.4044e-05
-4.93,4.8048e-05
-4.93,2.8028e-05
-4.93,5.60561e-05
-4.93,3.8038e-05
-4.93,6.20621e-05
-4.92,4.6046e-05
-4.92,5.20521e-05
-4.92,6.40641e-05
-4.92,5.20521e-05
-4.92,5.40541e-05
-4.92,6.00601e-05
-4.92,4.8048e-05
-4.92,4.2042e-05
-4.92,6.00601e-05
-4.92,4.4044e-05
-4.91,3.003e-05
-4.91,5.40541e-05
-4.91,4.004e-05
-4.91,5.20521e-05
-4.91,5.20521e-05
-4.91,5.40541e-05
-4.91,6.00601e-05
-4.91,5.20521e-05
-4.91,6.60661e-05
-4.91,4.6046e-05
-4.9,5.80581e-05
-4.9,4.8048e-05
-4.9,4.8048e-05
-4.9,6.40641e-05
-4.9,5.40541e-05
-4.9,4.8048e-05
-4.9,4.8048e-05
-4.9,5.20521e-05
-4.9,6.00601e-05
-4.9,6.00601e-05
-4.89,5.80581e-05
-4.89,7.20721e-05
-4.89,5.80581e-05
-4.89,6.40641e-05
-4.89,6.60661e-05
-4.89,4.8048e-05
-4.89,5.40541e-05
-4.89,5.60561e-05
-4.89,4.8048e-05
-4.89,5.00501e-05
-4.88,5.40541e-05
-4.88,5.60561e-05
-4.88,7.00701e-05
-4.88,6.20621e-05
-4.88,4.2042e-05
-4.88,6.20621e-05
-4.88,4.8048e-05
-4.88,3.6036e-05
-4.88,4.6046e-05
-4.88,6.00601e-05
-4.87,6.20621e-05
-4.87,6.20621e-05
-4.87,5.60561e-05
-4.87,5.00501e-05
-4.87,4.6046e-05
-4.87,5.40541e-05
-4.87,5.40541e-05
-4.87,4.8048e-05
-4.87,6.40641e-05
-4.87,5.40541e-05
-4.86,6.60661e-05
-4.86,6.40641e-05
-4.86,6.40641e-05
-4.86,3.8038e-05
-4.86,6.20621e-05
-4.86,6.00601e-05
-4.86,5.20521e-05
-4.86,7.40741e-05
-4.86,6.80681e-05
-4.86,4.8048e-05
-4.85,5.00501e-05
-4.85,9.20921e-05
-4.85,6.60661e-05
-4.85,7.60761e-05
-4.85,4.2042e-05
-4.85,8.00801e-05
-4.85,5.80581e-05
-4.85,5.80581e-05
-4.85,3.8038e-05
-4.85,5.00501e-05
-4.84,7.80781e-05
-4.84,6.80681e-05
-4.84,5.20521e-05
-4.84,7.80781e-05
-4.84,6.60661e-05
-4.84,6.40641e-05
-4.84,8.40841e-05
-4.84,5.20521e-05
-4.84,5.80581e-05
-4.84,6.20621e-05
-4.83,6.40641e-05
-4.83,5.60561e-05
-4.83,6.20621e-05
-4.83,7.00701e-05
-4.83,7.20721e-05
-4.83,6.60661e-05
-4.83,5.60561e-05
-4.83,4.8048e-05
-4.83,6.40641e-05
-4.83,6.40641e-05
-4.82,5.80581e-05
-4.82,6.60661e-05
-4.82,6.00601e-05
-4.82,5.60561e-05
-4.82,5.80581e-05
-4.82,6.40641e-05
-4.82,5.80581e-05
-4.82,6.00601e-05
-4.82,5.60561e-05
-4.82,8.40841e-05
-4.81,6.60661e-05
-4.81,6.80681e-05
-4.81,9.40941e-05
-4.81,6.00601e-05
-4.81,6.40641e-05
-4.81,7.80781e-05
-4.81,5.80581e-05
-4.81,7.20721e-05
-4.81,4.6046e-05
-4.81,5.80581e-05
-4.8,6.80681e-05
-4.8,8.40841e-05
-4.8,6.40641e-05
-4.8,8.20821e-05
-4.8,5.00501e-05
-4.8,8.00801e-05
-4.8,6.00601e-05
-4.8,9.40941e-05
-4.8,8.60861e-05
-4.8,7.40741e-05
-4.79,4.004e-05
-4.79,7.00701e-05
-4.79,6.00601e-05
-4.79,7.60761e-05
-4.79,8.20821e-05
-4.79,7.00701e-05
-4.79,9.00901e-05
-4.79,8.20821e-05
-4.79,8.00801e-05
-4.79,5.80581e-05
-4.78,5.40541e-05
-4.78,5.60561e-05
-4.78,6.80681e-05
-4.78,8.00801e-05
-4.78,7.40741e-05
-4.78,8.00801e-05
-4.78,7.80781e-05
-4.78,6.80681e-05
-4.78,6.60661e-05
-4.78,8.80881e-05
-4.77,0.000108108
-4.77,6.40641e-05
-4.77,7.60761e-05
-4.77,7.00701e-05
-4.77,7.00701e-05
-4.77,7.20721e-05
-4.77,7.80781e-05
-4.77,5.20521e-05
-4.77,5.60561e-05
-4.77,7.60761e-05
-4.76,7.00701e-05
-4.76,8.20821e-05
-4.76,5.80581e-05
-4.76,5.80581e-05
-4.76,7.00701e-05
-4.76,7.20721e-05
-4.76,7.40741e-05
-4.76,7.80781e-05
-4.76,6.20621e-05
-4.76,6.40641e-05
-4.75,0.0001001
-4.75,7.80781e-05
-4.75,6.60661e-05
-4.75,6.20621e-05
-4.75,6.80681e-05
-4.75,9.40941e-05
-4.75,6.20621e-05
-4.75,9.80981e-05
-4.75,9.40941e-05
-4.75,6.60661e-05
-4.74,8.20821e-05
-4.74,8.80881e-05
-4.74,6.00601e-05
-4.74,8.80881e-05
-4.74,8.20821e-05
-4.74,7.80781e-05
-4.74,6.20621e-05
-4.74,6.20621e-05
-4.74,8.80881e-05
-4.74,8.00801e-05
-4.73,8.60861e-05
-4.73,9.80981e-05
-4.73,7.40741e-05
-4.73,6.40641e-05
-4.73,5.00501e-05
-4.73,7.40741e-05
-4.73,6.20621e-05
-4.73,7.40741e-05
-4.73,6.40641e-05
-4.73,8.00801e-05
-4.72,6.80681e-05
-4.72,6.60661e-05
-4.72,9.40941e-05
-4.72,8.20821e-05
-4.72,9.80981e-05
-4.72,6.80681e-05
-4.72,6.80681e-05
-4.72,7.60761e-05
-4.72,6.20621e-05
-4.72,6.60661e-05
-4.71,7.80781e-05
-4.71,7.60761e-05
-4.71,8.60861e-05
-4.71,7.00701e-05
-4.71,6.00601e-05
-4.71,8.40841e-05
-4.71,0.000112112
-4.71,7.40741e-05
-4.71,9.60961e-05
-4.71,6.40641e-05
-4.7,8.40841e-05
-4.7,9.60961e-05
-4.7,8.20821e-05
-4.7,8.40841e-05
-4.7,8.80881e-05
-4.7,8.40841e-05
-4.7,8.00801e-05
-4.7,9.20921e-05
-4.7,6.20621e-05
-4.7,7.20721e-05
-4.69,9.40941e-05
-4.69,9.20921e-05
-4.69,0.000102102
-4.69,6.80681e-05
-4.69,6.40641e-05
-4.69,8.00801e-05
-4.69,6.60661e-05
-4.69,9.00901e-05
-4.69,9.00901e-05
-4.69,8.00801e-05
-4.68,7.60761e-05
-4.68,8.80881e-05
-4.68,8.00801e-05
-4.68,0.000114114
-4.68,8.60861e-05
-4.68,0.0001001
-4.68,9.40941e-05
-4.68,7.60761e-05
-4.68,6.20621e-05
-4.68,7.20721e-05
-4.67,6.80681e-05
-4.67,8.80881e-05
-4.67,6.80681e-05
-4.67,0.00012012
-4.67,9.80981e-05
-4.67,7.20721e-05
-4.67,0.00011011
-4.67,8.40841e-05
-4.67,9.40941e-05
-4.67,0.000142142
-4.66,8.80881e-05
-4.66,7.60761e-05
-4.66,7.80781e-05
-4.66,8.00801e-05
-4.66,8.80881e-05
-4.66,9.20921e-05
-4.66,7.20721e-05
-4.66,7.00701e-05
-4.66,9.60961e-05
-4.66,0.000118118
-4.65,7.80781e-05
-4.65,8.80881e-05
-4.65,0.000106106
-4.65,8.80881e-05
-4.65,7.80781e-05
-4.65,9.00901e-05
-4.65,9.00901e-05
-4.65,9.00901e-05
-4.65,8.80881e-05
-4.65,0.0001001
-4.64,8.80881e-05
-4.64,9.40941e-05
-4.64,0.000102102
-4.64,0.000132132
-4.64,0.0001001
-4.64,9.00901e-05
-4.64,0.0001001
-4.64,8.20821e-05
-4.64,9.60961e-05
-4.64,9.20921e-05
-4.63,9.00901e-05
-4.63,9.40941e-05
-4.63,9.40941e-05
-4.63,0.000102102
-4.63,9.80981e-05
-4.63,0.000114114
-4.63,0.000102102
-4.63,8.40841e-05
-4.63,7.40741e-05
-4.63,9.20921e-05
-4.62,0.000104104
-4.62,9.40941e-05
-4.62,0.000128128
-4.62,0.000106106
-4.62,0.000128128
-4.62,0.0001001
-4.62,0.000104104
-4.62,9.60961e-05
-4.62,9.00901e-05
-4.62,9.40941e-05
-4.61,9.40941e-05
-4.61,0.000106106
-4.61,9.00901e-05
-4.61,9.80981e-05
-4.61,0.000108108
-4.61,9.80981e-05
-4.61,0.000106106
-4.61,8.00801e-05
-4.61,9.20921e-05
-4.61,9.60961e-05
-4.6,9.40941e-05
-4.6,9.00901e-05
-4.6,0.000118118
-4.6,0.000118118
-4.6,0.000104104
-4.6,0.000122122
-4.6,9.40941e-05
-4.6,9.80981e-05
-4.6,0.000102102
-4.6,9.40941e-05
-4.59,0.000114114
-4.59,0.000108108
-4.59,0.000128128
-4.59,0.000104104
-4.59,0.000112112
-4.59,8.20821e-05
-4.59,0.0001001
-4.59,8.20821e-05
-4.59,8.80881e-05
-4.59,8.80881e-05
-4.58,0.000108108
-4.58,0.00011011
-4.58,8.40841e-05
-4.58,0.000102102
-4.58,7.60761e-05
-4.58,0.000106106
-4.58,0.000108108
-4.58,9.80981e-05
-4.58,0.000106106
-4.58,0.00014014
-4.57,7.60761e-05
-4.57,0.00014014
-4.57,0.00012012
-4.57,0.000122122
-4.57,0.00012012
-4.57,9.40941e-05
-4.57,0.000136136
-4.57,0.00011011
-4.57,9.80981e-05
-4.57,0.000106106
-4.56,0.000122122
-4.56,9.80981e-05
-4.56,0.000122122
-4.56,0.00012012
-4.56,0.000104104
-4.56,0.0001001
-4.56,0.00011011
-4.56,9.20921e-05
-4.56,0.000108108
-4.56,0.000114114
-4.55,0.000108108
-4.55,0.000116116
-4.55,0.000108108
-4.55,0.00012012
-4.55,0.000116116
-4.55,0.000118118
-4.55,0.00012012
-4.55,0.000102102
-4.55,9.80981e-05
-4.55,0.000124124
-4.54,0.000106106
-4.54,9.60961e-05
-4.54,0.000128128
-4.54,0.00011011
-4.54,0.00014014
-4.54,8.20821e-05
-4.54,0.000104104
-4.54,0.000106106
-4.54,0.000118118
-4.54,0.000108108
-4.53,0.00012012
-4.53,0.000118118
-4.53,0.0001001
-4.53,0.000114114
-4.53,0.000126126
-4.53,0.000104104
-4.53,8.80881e-05
-4.53,0.000146146
-4.53,0.000132132
-4.53,0.00011011
-4.52,0.000128128
-4.52,0.000138138
-4.52,0.000142142
-4.52,0.000108108
-4.52,0.000132132
-4.52,0.00013013
-4.52,0.000126126
-4.52,0.000134134
-4.52,0.000106106
-4.52,0.000126126
-4.51,0.000108108
-4.51,0.000136136
-4.51,0.000108108
-4.51,0.000144144
-4.51,0.00013013
-4.51,0.00013013
-4.51,0.000112112
-4.51,0.00012012
-4.51,0.000124124
-4.51,0.000118118
-4.5,0.000168168
-4.5,0.000104104
-4.5,0.000138138
-4.5,0.000118118
-4.5,0.000138138
-4.5,0.000108108
-4.5,0.00014014
-4.5,0.0001001
-4.5,0.00012012
-4.5,0.000124124
-4.49,0.00012012
-4.49,0.000116116
-4.49,0.000124124
-4.49,0.000118118
-4.49,0.000126126
-4.49,0.000112112
-4.49,0.000154154
-4.49,0.000112112
-4.49,0.00016016
-4.49,0.000104104
-4.48,0.000146146
-4.48,0.00014014
-4.48,0.000114114
-4.48,0.000126126
-4.48,0.00013013
-4.48,0.00017017
-4.48,0.00014014
-4.48,0.000156156
-4.48,0.000122122
-4.48,0.000152152
-4.47,0.000128128
-4.47,0.00011011
-4.47,0.000122122
-4.47,0.000158158
-4.47,0.000136136
-4.47,9.80981e-05
-4.47,0.000126126
-4.47,0.000126126
-4.47,0.000152152
-4.47,0.000124124
-4.46,0.000138138
-4.46,0.000114114
-4.46,0.000146146
-4.46,0.000128128
-4.46,0.000114114
-4.46,0.000152152
-4.46,0.00013013
-4.46,0.000142142
-4.46,0.000134134
-4.46,0.00011011
-4.45,0.000116116
-4.45,0.000138138
-4.45,0.000154154
-4.45,0.000124124
-4.45,0.000124124
-4.45,0.000152152
-4.45,0.000128128
-4.45,0.000128128
-4.45,0.000148148
-4.45,0.000158158
-4.44,0.000148148
-4.44,0.000122122
-4.44,0.000152152
-4.44,0.000116116
-4.44,0.000164164
-4.44,0.000152152
-4.44,0.00011011
-4.44,0.000136136
-4.44,0.000144144
-4.44,0.000142142
-4.43,0.000156156
-4.43,0.00013013
-4.43,0.000102102
-4.43,0.000134134
-4.43,0.00011011
-4.43,0.00014014
-4.43,0.00014014
-4.43,0.000136136
-4.43,0.000146146
-4.43,0.00012012
-4.42,0.000144144
-4.42,0.000134134
-4.42,0.000142142
-4.42,0.000174174
-4.42,0.000184184
-4.42,0.00015015
-4.42,0.00017017
-4.42,0.000154154
-4.42,0.00016016
-4.42,0.000138138
-4.41,0.000144144
-4.41,0.000128128
-4.41,0.00018018
-4.41,0.000174174
-4.41,0.000154154
-4.41,0.000178178
-4.41,0.000186186
-4.41,0.00017017
-4.41,0.000128128
-4.41,0.000142142
-4.4,0.000172172
-4.4,0.000138138
-4.4,0.000162162
-4.4,0.000126126
-4.4,0.000144144
-4.4,0.00014014
-4.4,0.00017017
-4.4,0.000128128
-4.4,0.000164164
-4.4,0.000152152
-4.39,0.000166166
-4.39,0.000142142
-4.39,0.000174174
-4.39,0.000182182
-4.39,0.000164164
-4.39,0.00013013
-4.39,0.00015015
-4.39,0.000176176
-4.39,0.000118118
-4.39,0.00016016
-4.38,0.000156156
-4.38,0.000162162
-4.38,0.000156156
-4.38,0.000172172
-4.38,0.000194194
-4.38,0.00017017
-4.38,0.000148148
-4.38,0.000178178
-4.38,0.000138138
-4.38,0.00019019
-4.37,0.000146146
-4.37,0.000132132
-4.37,0.000186186
-4.37,0.000184184
-4.37,0.000134134
-4.37,0.000158158
-4.37,0.000176176
-4.37,0.000122122
-4.37,0.00015015
-4.37,0.000158158
-4.36,0.000188188
-4.36,0.000144144
-4.36,0.000156156
-4.36,0.000168168
-4.36,0.000184184
-4.36,0.000154154
-4.36,0.00016016
-4.36,0.000132132
-4.36,0.000136136
-4.36,0.00016016
-4.35,0.00018018
-4.35,0.000134134
-4.35,0.00018018
-4.35,0.000168168
-4.35,0.000146146
-4.35,0.000188188
-4.35,0.00018018
-4.35,0.000164164
-4.35,0.000186186
-4.35,0.000176176
-4.34,0.000142142
-4.34,0.00017017
-4.34,0.00015015
-4.34,0.000186186
-4.34,0.000172172
-4.34,0.000182182
-4.34,0.000152152
-4.34,0.000172172
-4.34,0.000162162
-4.34,0.000166166
-4.33,0.00017017
-4.33,0.000172172
-4.33,0.000146146
-4.33,0.0002002
-4.33,0.000172172
-4.33,0.000174174
-4.33,0.00017017
-4.33,0.000158158
-4.33,0.000146146
-4.33,0.000174174
-4.32,0.000156156
-4.32,0.000208208
-4.32,0.000226226
-4.32,0.000174174
-4.32,0.000164164
-4.32,0.000196196
-4.32,0.000158158
-4.32,0.000184184
-4.32,0.000154154
-4.32,0.000166166
-4.31,0.00018018
-4.31,0.000196196
-4.31,0.000166166
-4.31,0.000172172
-4.31,0.00016016
-4.31,0.00018018
-4.31,0.000202202
-4.31,0.000162162
-4.31,0.000192192
-4.31,0.000196196
-4.3,0.000228228
-4.3,0.000148148
-4.3,0.000156156
-4.3,0.000204204
-4.3,0.000208208
-4.3,0.000192192
-4.3,0.000168168
-4.3,0.000196196
-4.3,0.000148148
-4.3,0.000182182
-4.29,0.0002002
-4.29,0.000216216
-4.29,0.000192192
-4.29,0.000202202
-4.29,0.000176176
-4.29,0.000218218
-4.29,0.000162162
-4.29,0.000172172
-4.29,0.000212212
-4.29,0.000194194
-4.28,0.000174174
-4.28,0.000208208
-4.28,0.000194194
-4.28,0.00017017
-4.28,0.000158158
-4.28,0.000176176
-4.28,0.000218218
-4.28,0.000172172
-4.28,0.000182182
-4.28,0.000192192
-4.27,0.000232232
-4.27,0.000186186
-4.27,0.00016016
-4.27,0.000226226
-4.27,0.000174174
-4.27,0.000192192
-4.27,0.000186186
-4.27,0.000194194
-4.27,0.000192192
-4.27,0.000226226
-4.26,0.00018018
-4.26,0.000224224
-4.26,0.000218218
-4.26,0.000172172
-4.26,0.000196196
-4.26,0.00019019
-4.26,0.000212212
-4.26,0.000224224
-4.26,0.000156156
-4.26,0.00019019
-4.25,0.00021021
-4.25,0.00023023
-4.25,0.0002002
-4.25,0.000216216
-4.25,0.000166166
-4.25,0.000212212
-4.25,0.000192192
-4.25,0.000232232
-4.25,0.000156156
-4.25,0.00018018
-4.24,0.000194194
-4.24,0.000194194
-4.24,0.000232232
-4.24,0.000202202
-4.24,0.000188188
-4.24,0.000166166
-4.24,0.000186186
-4.24,0.000208208
-4.24,0.000208208
-4.24,0.0002002
-4.23,0.000214214
-4.23,0.0002002
-4.23,0.000202202
-4.23,0.000202202
-4.23,0.000226226
-4.23,0.0002002
-4.23,0.000192192
-4.23,0.000242242
-4.23,0.000174174
-4.23,0.000216216
-4.22,0.0002002
-4.22,0.000216216
-4.22,0.000212212
-4.22,0.000234234
-4.22,0.000234234
-4.22,0.000224224
-4.22,0.000194194
-4.22,0.0002002
-4.22,0.000206206
-4.22,0.000214214
-4.21,0.000202202
-4.21,0.000218218
-4.21,0.000224224
-4.21,0.000218218
-4.21,0.000226226
-4.21,0.000256256
-4.21,0.00023023
-4.21,0.000226226
-4.21,0.000216216
-4.21,0.000244244
-4.2,0.000212212
-4.2,0.00026026
-4.2,0.000214214
-4.2,0.000186186
-4.2,0.000242242
-4.2,0.000222222
-4.2,0.000246246
-4.2,0.000262262
-4.2,0.000224224
-4.2,0.00023023
-4.19,0.000208208
-4.19,0.000202202
-4.19,0.000198198
-4.19,0.000192192
-4.19,0.00022022
-4.19,0.000238238
-4.19,0.000242242
-4.19,0.000234234
-4.19,0.000252252
-4.19,0.00024024
-4.18,0.00023023
-4.18,0.000234234
-4.18,0.000236236
-4.18,0.000214214
-4.18,0.000228228
-4.18,0.000218218
-4.18,0.000232232
-4.18,0.000264264
-4.18,0.00024024
-4.18,0.000222222
-4.17,0.000308308
-4.17,0.000226226
-4.17,0.000234234
-4.17,0.000222222
-4.17,0.000254254
-4.17,0.000258258
-4.17,0.000224224
-4.17,0.00024024
-4.17,0.000228228
-4.17,0.000208208
-4.16,0.000264264
-4.16,0.000244244
-4.16,0.00026026
-4.16,0.000242242
-4.16,0.000218218
-4.16,0.00026026
-4.16,0.000218218
-4.16,0.000266266
-4.16,0.000216216
-4.16,0.000256256
-4.15,0.000248248
-4.15,0.000238238
-4.15,0.00024024
-4.15,0.00023023
-4.15,0.000248248
-4.15,0.000236236
-4.15,0.000262262
-4.15,0.000266266
-4.15,0.000256256
-4.15,0.000254254
-4.14,0.000212212
-4.14,0.000252252
-4.14,0.000272272
-4.14,0.000266266
-4.14,0.000216216
-4.14,0.000254254
-4.14,0.000268268
-4.14,0.00028028
-4.14,0.000238238
-4.14,0.000272272
-4.13,0.00026026
-4.13,0.000236236
-4.13,0.000264264
-4.13,0.000254254
-4.13,0.00025025
-4.13,0.000266266
-4.13,0.000316316
-4.13,0.000224224
-4.13,0.000276276
-4.13,0.000276276
-4.12,0.000238238
-4.12,0.00025025
-4.12,0.000268268
-4.12,0.00025025
-4.12,0.0003003
-4.12,0.00026026
-4.12,0.00029029
-4.12,0.000266266
-4.12,0.00026026
-4.12,0.000228228
-4.11,0.000308308
-4.11,0.000266266
-4.11,0.000304304
-4.11,0.000264264
-4.11,0.000282282
-4.11,0.000302302
-4.11,0.00028028
-4.11,0.000262262
-4.11,0.000252252
-4.11,0.000272272
-4.1,0.000238238
-4.1,0.000248248
-4.1,0.00023023
-4.1,0.000288288
-4.1,0.000304304
-4.1,0.000284284
-4.1,0.000282282
-4.1,0.000238238
-4.1,0.000312312
-4.1,0.0003003
-4.09,0.000254254
-4.09,0.000274274
-4.09,0.000274274
-4.09,0.000262262
-4.09,0.000274274
-4.09,0.000274274
-4.09,0.000274274
-4.09,0.000282282
-4.09,0.000284284
-4.09,0.000258258
-4.08,0.000292292
-4.08,0.000294294
-4.08,0.000312312
-4.08,0.000284284
-4.08,0.00027027
-4.08,0.000332332
-4.08,0.000316316
-4.08,0.000272272
-4.08,0.000266266
-4.08,0.000314314
-4.07,0.000274274
-4.07,0.000276276
-4.07,0.000256256
-4.07,0.000274274
-4.07,0.000268268
-4.07,0.000324324
-4.07,0.000288288
-4.07,0.00032032
-4.07,0.00028028
-4.07,0.000264264
-4.06,0.000324324
-4.06,0.00029029
-4.06,0.000278278
-4.06,0.000288288
-4.06,0.00029029
-4.06,0.000276276
-4.06,0.000264264
-4.06,0.000302302
-4.06,0.000302302
-4.06,0.000296296
-4.05,0.000316316
-4.05,0.000282282
-4.05,0.0003003
-4.05,0.000306306
-4.05,0.000298298
-4.05,0.000302302
-4.05,0.000298298
-4.05,0.000306306
-4.05,0.000328328
-4.05,0.000342342
-4.04,0.0003003
-4.04,0.00032032
-4.04,0.000326326
-4.04,0.0003003
-4.04,0.00029029
-4.04,0.000286286
-4.04,0.000314314
-4.04,0.000324324
-4.04,0.000276276
-4.04,0.000326326
-4.03,0.00033033
-4.03,0.000286286
-4.03,0.000394394
-4.03,0.00034034
-4.03,0.00029029
-4.03,0.000264264
-4.03,0.000322322
-4.03,0.00029029
-4.03,0.000346346
-4.03,0.000338338
-4.02,0.000362362
-4.02,0.000282282
-4.02,0.000338338
-4.02,0.00038038
-4.02,0.0003003
-4.02,0.000332332
-4.02,0.00035035
-4.02,0.000336336
-4.02,0.000316316
-4.02,0.000292292
-4.01,0.000312312
-4.01,0.000344344
-4.01,0.000306306
-4.01,0.000308308
-4.01,0.00032032
-4.01,0.000294294
-4.01,0.00032032
-4.01,0.000348348
-4.01,0.000354354
-4.01,0.000302302
-4,0.000326326
-4,0.000354354
-4,0.000352352
-4,0.000316316
-4,0.000332332
-4,0.000314314
-4,0.000318318
-4,0.000346346
-4,0.00036036
-4,0.000332332
-3.99,0.000348348
-3.99,0.000362362
-3.99,0.00037037
-3.99,0.000332332
-3.99,0.00037037
-3.99,0.000366366
-3.99,0.0003003
-3.99,0.000334334
-3.99,0.000366366
-3.99,0.000312312
-3.98,0.000352352
-3.98,0.000344344
-3.98,0.00033033
-3.98,0.000394394
-3.98,0.000344344
-3.98,0.000376376
-3.98,0.00038038
-3.98,0.000344344
-3.98,0.0004004
-3.98,0.00035035
-3.97,0.000324324
-3.97,0.000354354
-3.97,0.000354354
-3.97,0.000366366
-3.97,0.000344344
-3.97,0.000404404
-3.97,0.000408408
-3.97,0.000328328
-3.97,0.000354354
-3.97,0.000394394
-3.96,0.000364364
-3.96,0.00032032
-3.96,0.00035035
-3.96,0.000316316
-3.96,0.00037037
-3.96,0.000368368
-3.96,0.00035035
-3.96,0.000346346
-3.96,0.000376376
-3.96,0.000346346
-3.95,0.00036036
-3.95,0.000362362
-3.95,0.000428428
-3.95,0.000412412
-3.95,0.00036036
-3.95,0.000388388
-3.95,0.000358358
-3.95,0.000402402
-3.95,0.00037037
-3.95,0.000376376
-3.94,0.000418418
-3.94,0.000358358
-3.94,0.000386386
-3.94,0.000334334
-3.94,0.00039039
-3.94,0.00036036
-3.94,0.000388388
-3.94,0.000386386
-3.94,0.000376376
-3.94,0.000382382
-3.93,0.00039039
-3.93,0.000414414
-3.93,0.00035035
-3.93,0.000348348
-3.93,0.000408408
-3.93,0.000392392
-3.93,0.000428428
-3.93,0.000448448
-3.93,0.000416416
-3.93,0.000328328
-3.92,0.000386386
-3.92,0.000378378
-3.92,0.000368368
-3.92,0.000392392
-3.92,0.000364364
-3.92,0.000346346
-3.92,0.000368368
-3.92,0.000386386
-3.92,0.000374374
-3.92,0.000374374
-3.91,0.000432432
-3.91,0.000414414
-3.91,0.000396396
-3.91,0.000422422
-3.91,0.00042042
-3.91,0.000448448
-3.91,0.000386386
-3.91,0.000382382
-3.91,0.000424424
-3.91,0.000374374
-3.9,0.000396396
-3.9,0.000366366
-3.9,0.000422422
-3.9,0.000444444
-3.9,0.000462462
-3.9,0.000416416
-3.9,0.000466466
-3.9,0.000434434
-3.9,0.000454454
-3.9,0.00042042
-3.89,0.00046046
-3.89,0.000384384
-3.89,0.000452452
-3.89,0.00039039
-3.89,0.00042042
-3.89,0.00047047
-3.89,0.000406406
-3.89,0.00041041
-3.89,0.000392392
-3.89,0.00042042
-3.88,0.000402402
-3.88,0.000424424
-3.88,0.000462462
-3.88,0.00042042
-3.88,0.0004004
-3.88,0.000368368
-3.88,0.000394394
-3.88,0.000396396
-3.88,0.000454454
-3.88,0.000472472
-3.87,0.000466466
-3.87,0.000462462
-3.87,0.000438438
-3.87,0.000434434
-3.87,0.000436436
-3.87,0.00037037
-3.87,0.000438438
-3.87,0.000452452
-3.87,0.00042042
-3.87,0.000418418
-3.86,0.000424424
-3.86,0.000438438
-3.86,0.000432432
-3.86,0.000468468
-3.86,0.00047047
-3.86,0.000436436
-3.86,0.000424424
-3.86,0.000438438
-3.86,0.000438438
-3.86,0.00045045
-3.85,0.0004004
-3.85,0.00046046
-3.85,0.000438438
-3.85,0.000466466
-3.85,0.000476476
-3.85,0.000448448
-3.85,0.000458458
-3.85,0.000462462
-3.85,0.000488488
-3.85,0.00045045
-3.84,0.000454454
-3.84,0.000416416
-3.84,0.000428428
-3.84,0.000448448
-3.84,0.000484484
-3.84,0.000514515
-3.84,0.00049049
-3.84,0.000496496
-3.84,0.000514515
-3.84,0.000466466
-3.83,0.000476476
-3.83,0.000492492
-3.83,0.000486486
-3.83,0.000454454
-3.83,0.000452452
-3.83,0.000516517
-3.83,0.000542543
-3.83,0.000456456
-3.83,0.000452452
-3.83,0.00049049
-3.82,0.000486486
-3.82,0.000474474
-3.82,0.00044044
-3.82,0.000532533
-3.82,0.000476476
-3.82,0.000478478
-3.82,0.00049049
-3.82,0.000504505
-3.82,0.000502503
-3.82,0.000462462
-3.81,0.000476476
-3.81,0.000494494
-3.81,0.000472472
-3.81,0.000548549
-3.81,0.000514515
-3.81,0.000506507
-3.81,0.000522523
-3.81,0.000464464
-3.81,0.000528529
-3.81,0.000510511
-3.8,0.00049049
-3.8,0.000504505
-3.8,0.000482482
-3.8,0.000466466
-3.8,0.000514515
-3.8,0.000448448
-3.8,0.000482482
-3.8,0.000524525
-3.8,0.000492492
-3.8,0.000504505
-3.79,0.000540541
-3.79,0.000510511
-3.79,0.000518519
-3.79,0.000520521
-3.79,0.000518519
-3.79,0.000538539
-3.79,0.000506507
-3.79,0.000436436
-3.79,0.000494494
-3.79,0.000506507
-3.78,0.000546547
-3.78,0.000544545
-3.78,0.000546547
-3.78,0.000488488
-3.78,0.000560561
-3.78,0.000474474
-3.78,0.000468468
-3.78,0.000520521
-3.78,0.000534535
-3.78,0.000478478
-3.77,0.000532533
-3.77,0.000496496
-3.77,0.000520521
-3.77,0.000524525
-3.77,0.000590591
-3.77,0.000498498
-3.77,0.000546547
-3.77,0.000498498
-3.77,0.000476476
-3.77,0.000550551
-3.76,0.000556557
-3.76,0.000510511
-3.76,0.000552553
-3.76,0.000580581
-3.76,0.000556557
-3.76,0.000574575
-3.76,0.000600601
-3.76,0.000558559
-3.76,0.000520521
-3.76,0.000514515
-3.75,0.000540541
-3.75,0.000532533
-3.75,0.000584585
-3.75,0.000542543
-3.75,0.000514515
-3.75,0.000562563
-3.75,0.000554555
-3.75,0.000522523
-3.75,0.000566567
-3.75,0.000538539
-3.74,0.000546547
-3.74,0.000618619
-3.74,0.000510511
-3.74,0.000592593
-3.74,0.000594595
-3.74,0.000582583
-3.74,0.000600601
-3.74,0.000584585
-3.74,0.000532533
-3.74,0.000554555
-3.73,0.000582583
-3.73,0.000574575
-3.73,0.000602603
-3.73,0.000564565
-3.73,0.000508509
-3.73,0.000544545
-3.73,0.000622623
-3.73,0.000600601
-3.73,0.000538539
-3.73,0.000554555
-3.72,0.000570571
-3.72,0.000558559
-3.72,0.000568569
-3.72,0.000592593
-3.72,0.000544545
-3.72,0.000574575
-3.72,0.000648649
-3.72,0.000654655
-3.72,0.000592593
-3.72,0.000652653
-3.71,0.000622623
-3.71,0.000578579
-3.71,0.000616617
-3.71,0.000602603
-3.71,0.000618619
-3.71,0.000594595
-3.71,0.000620621
-3.71,0.000556557
-3.71,0.000578579
-3.71,0.000558559
-3.7,0.000602603
-3.7,0.000598599
-3.7,0.000710711
-3.7,0.000594595
-3.7,0.000686687
-3.7,0.000620621
-3.7,0.000584585
-3.7,0.000596597
-3.7,0.000654655
-3.7,0.000656657
-3.69,0.000572573
-3.69,0.000608609
-3.69,0.000652653
-3.69,0.000578579
-3.69,0.000652653
-3.69,0.000658659
-3.69,0.000586587
-3.69,0.000622623
-3.69,0.000578579
-3.69,0.000644645
-3.68,0.000676677
-3.68,0.000664665
-3.68,0.000652653
-3.68,0.000654655
-3.68,0.000668669
-3.68,0.000568569
-3.68,0.000606607
-3.68,0.000684685
-3.68,0.000612613
-3.68,0.000634635
-3.67,0.000706707
-3.67,0.000630631
-3.67,0.000598599
-3.67,0.000646647
-3.67,0.000682683
-3.67,0.000712713
-3.67,0.000630631
-3.67,0.000662663
-3.67,0.000682683
-3.67,0.000672673
-3.66,0.000642643
-3.66,0.000684685
-3.66,0.000610611
-3.66,0.000700701
-3.66,0.000630631
-3.66,0.000630631
-3.66,0.000660661
-3.66,0.000628629
-3.66,0.000664665
-3.66,0.000690691
-3.65,0.000704705
-3.65,0.000708709
-3.65,0.000740741
-3.65,0.000718719
-3.65,0.000696697
-3.65,0.000634635
-3.65,0.000656657
-3.65,0.000736737
-3.65,0.000668669
-3.65,0.000674675
-3.64,0.000750751
-3.64,0.000726727
-3.64,0.000672673
-3.64,0.000678679
-3.64,0.000638639
-3.64,0.000710711
-3.64,0.000634635
-3.64,0.000714715
-3.64,0.000690691
-3.64,0.000644645
-3.63,0.000712713
-3.63,0.000710711
-3.63,0.000800801
-3.63,0.000724725
-3.63,0.000738739
-3.63,0.000692693
-3.63,0.000690691
-3.63,0.000748749
-3.63,0.000684685
-3.63,0.000666667
-3.62,0.000710711
-3.62,0.000688689
-3.62,0.000698699
-3.62,0.000640641
-3.62,0.000750751
-3.62,0.000762763
-3.62,0.000726727
-3.62,0.000770771
-3.62,0.000724725
-3.62,0.000792793
-3.61,0.000732733
-3.61,0.000758759
-3.61,0.000736737
-3.61,0.000708709
-3.61,0.000690691
-3.61,0.000794795
-3.61,0.000730731
-3.61,0.000728729
-3.61,0.000738739
-3.61,0.000764765
-3.6,0.000720721
-3.6,0.000770771
-3.6,0.000764765
-3.6,0.000764765
-3.6,0.000732733
-3.6,0.000802803
-3.6,0.000794795
-3.6,0.000748749
-3.6,0.000732733
-3.6,0.000754755
-3.59,0.000822823
-3.59,0.000698699
-3.59,0.000692693
-3.59,0.000800801
-3.59,0.000742743
-3.59,0.000706707
-3.59,0.000744745
-3.59,0.000732733
-3.59,0.000712713
-3.59,0.000760761
-3.58,0.000742743
-3.58,0.000766767
-3.58,0.000796797
-3.58,0.000764765
-3.58,0.000760761
-3.58,0.000768769
-3.58,0.000760761
-3.58,0.000828829
-3.58,0.000816817
-3.58,0.000774775
-3.57,0.000820821
-3.57,0.000774775
-3.57,0.000788789
-3.57,0.000826827
-3.57,0.000820821
-3.57,0.000898899
-3.57,0.000850851
-3.57,0.000798799
-3.57,0.000802803
-3.57,0.000782783
-3.56,0.000814815
-3.56,0.000832833
-3.56,0.000832833
-3.56,0.000774775
-3.56,0.000856857
-3.56,0.000840841
-3.56,0.000816817
-3.56,0.000824825
-3.56,0.000814815
-3.56,0.000790791
-3.55,0.000878879
-3.55,0.000804805
-3.55,0.000776777
-3.55,0.000918919
-3.55,0.000904905
-3.55,0.000792793
-3.55,0.000860861
-3.55,0.000758759
-3.55,0.000838839
-3.55,0.000880881
-3.54,0.000836837
-3.54,0.000870871
-3.54,0.000860861
-3.54,0.000816817
-3.54,0.000852853
-3.54,0.000816817
-3.54,0.000804805
-3.54,0.000824825
-3.54,0.000880881
-3.54,0.000844845
-3.53,0.000890891
-3.53,0.000852853
-3.53,0.000822823
-3.53,0.000896897
-3.53,0.000876877
-3.53,0.000846847
-3.53,0.000924925
-3.53,0.000898899
-3.53,0.000862863
-3.53,0.000792793
-3.52,0.000878879
-3.52,0.000800801
-3.52,0.000970971
-3.52,0.000888889
-3.52,0.000866867
-3.52,0.000894895
-3.52,0.000900901
-3.52,0.000876877
-3.52,0.000964965
-3.52,0.000870871
-3.51,0.000900901
-3.51,0.000940941
-3.51,0.000976977
-3.51,0.000856857
-3.51,0.000910911
-3.51,0.000938939
-3.51,0.000876877
-3.51,0.000846847
-3.51,0.000856857
-3.51,0.000896897
-3.5,0.000968969
-3.5,0.000966967
-3.5,0.000910911
-3.5,0.000912913
-3.5,0.000944945
-3.5,0.000974975
-3.5,0.000966967
-3.5,0.00101702
-3.5,0.000912913
-3.5,0.000894895
-3.49,0.000970971
-3.49,0.000996997
-3.49,0.000902903
-3.49,0.000916917
-3.49,0.000936937
-3.49,0.000910911
-3.49,0.000906907
-3.49,0.000916917
-3.49,0.000900901
-3.49,0.000984985
-3.48,0.000958959
-3.48,0.000928929
-3.48,0.000938939
-3.48,0.000922923
-3.48,0.00108509
-3.48,0.000954955
-3.48,0.000916917
-3.48,0.000992993
-3.48,0.000954955
-3.48,0.000924925
-3.47,0.000956957
-3.47,0.000984985
-3.47,0.000926927
-3.47,0.00106306
-3.47,0.00101702
-3.47,0.00101101
-3.47,0.000970971
-3.47,0.000934935
-3.47,0.00103103
-3.47,0.00102102
-3.46,0.000978979
-3.46,0.000900901
-3.46,0.000980981
-3.46,0.00100701
-3.46,0.000940941
-3.46,0.00101301
-3.46,0.000980981
-3.46,0.000970971
-3.46,0.000982983
-3.46,0.000968969
-3.45,0.000998999
-3.45,0.00105506
-3.45,0.00106707
-3.45,0.000990991
-3.45,0.00104705
-3.45,0.00103504
-3.45,0.000936937
-3.45,0.000986987
-3.45,0.000998999
-3.45,0.00103704
-3.44,0.00102703
-3.44,0.00107908
-3.44,0.00104705
-3.44,0.000968969
-3.44,0.00104505
-3.44,0.000996997
-3.44,0.000994995
-3.44,0.00104304
-3.44,0.00106106
-3.44,0.00100501
-3.43,0.00106106
-3.43,0.00111111
-3.43,0.000952953
-3.43,0.00102703
-3.43,0.00106306
-3.43,0.00101902
-3.43,0.00100701
-3.43,0.000996997
-3.43,0.00102703
-3.43,0.00112713
-3.42,0.00103303
-3.42,0.00112913
-3.42,0.00108709
-3.42,0.0010991
-3.42,0.00103904
-3.42,0.00101702
-3.42,0.00111111
-3.42,0.0011031
-3.42,0.00108308
-3.42,0.00104104
-3.41,0.00108509
-3.41,0.00116316
-3.41,0.00116116
-3.41,0.00111311
-3.41,0.00101101
-3.41,0.00111111
-3.41,0.00108509
-3.41,0.00111311
-3.41,0.0011011
-3.41,0.00113113
-3.4,0.00118719
-3.4,0.00112312
-3.4,0.00114114
-3.4,0.00117518
-3.4,0.00105706
-3.4,0.00110911
-3.4,0.00124324
-3.4,0.0012032
-3.4,0.00123724
-3.4,0.00107908
-3.39,0.00116717
-3.39,0.00112913
-3.39,0.00116517
-3.39,0.00115916
-3.39,0.00106507
-3.39,0.00108909
-3.39,0.00120921
-3.39,0.0011011
-3.39,0.00120521
-3.39,0.0011972
-3.38,0.00113113
-3.38,0.00112312
-3.38,0.0011992
-3.38,0.0012012
-3.38,0.00116517
-3.38,0.00117518
-3.38,0.00113514
-3.38,0.00119119
-3.38,0.00118919
-3.38,0.00116917
-3.37,0.00128729
-3.37,0.0011992
-3.37,0.00122523
-3.37,0.00113914
-3.37,0.00115516
-3.37,0.00123524
-3.37,0.00123123
-3.37,0.0012032
-3.37,0.0012993
-3.37,0.00114314
-3.36,0.00118318
-3.36,0.00117518
-3.36,0.00126727
-3.36,0.00125726
-3.36,0.00122723
-3.36,0.00125726
-3.36,0.00121121
-3.36,0.00107107
-3.36,0.00120521
-3.36,0.00124124
-3.35,0.00113514
-3.35,0.00126326
-3.35,0.00112112
-3.35,0.00125926
-3.35,0.00126527
-3.35,0.00124324
-3.35,0.00122723
-3.35,0.00128128
-3.35,0.00126727
-3.35,0.00123724
-3.34,0.00126727
-3.34,0.00127528
-3.34,0.00138939
-3.34,0.00126927
-3.34,0.00130731
-3.34,0.00124124
-3.34,0.00125325
-3.34,0.00128128
-3.34,0.0011992
-3.34,0.00124124
-3.33,0.00124324
-3.33,0.00128729
-3.33,0.00131131
-3.33,0.00127528
-3.33,0.00125325
-3.33,0.00132733
-3.33,0.0012993
-3.33,0.00126527
-3.33,0.00118719
-3.33,0.0013033
-3.32,0.00138338
-3.32,0.00134935
-3.32,0.00126727
-3.32,0.00133734
-3.32,0.00128128
-3.32,0.0014014
-3.32,0.00128929
-3.32,0.00131732
-3.32,0.00130531
-3.32,0.00122923
-3.31,0.0012993
-3.31,0.00142543
-3.31,0.00134334
-3.31,0.00131131
-3.31,0.00135536
-3.31,0.00138338
-3.31,0.0013994
-3.31,0.00135335
-3.31,0.00141542
-3.31,0.00133934
-3.3,0.00142743
-3.3,0.0013954
-3.3,0.00148348
-3.3,0.00144144
-3.3,0.00151351
-3.3,0.00146146
-3.3,0.00137738
-3.3,0.00142743
-3.3,0.00137738
-3.3,0.0012993
-3.29,0.00146346
-3.29,0.00135135
-3.29,0.00136937
-3.29,0.00143343
-3.29,0.00141141
-3.29,0.00128729
-3.29,0.00145345
-3.29,0.00140941
-3.29,0.00130531
-3.29,0.0013994
-3.28,0.00137337
-3.28,0.00147147
-3.28,0.00143944
-3.28,0.00132933
-3.28,0.00138138
-3.28,0.00154154
-3.28,0.00141942
-3.28,0.00145746
-3.28,0.00154555
-3.28,0.00142142
-3.27,0.00152352
-3.27,0.00150751
-3.27,0.00162362
-3.27,0.0014034
-3.27,0.00154154
-3.27,0.00136336
-3.27,0.00151552
-3.27,0.00141942
-3.27,0.00152553
-3.27,0.00153153
-3.26,0.00154955
-3.26,0.00143143
-3.26,0.00151752
-3.26,0.00139139
-3.26,0.00151151
-3.26,0.00151151
-3.26,0.00147748
-3.26,0.00157357
-3.26,0.00152753
-3.26,0.00154755
-3.25,0.00149149
-3.25,0.00143143
-3.25,0.00153554
-3.25,0.00158759
-3.25,0.00157958
-3.25,0.00154755
-3.25,0.00143944
-3.25,0.0014995
-3.25,0.0014955
-3.25,0.00151952
-3.24,0.00154755
-3.24,0.0015035
-3.24,0.00164565
-3.24,0.00160561
-3.24,0.00149349
-3.24,0.00161361
-3.24,0.00151151
-3.24,0.00153954
-3.24,0.00155155
-3.24,0.00156957
-3.23,0.00153353
-3.23,0.00151752
-3.23,0.00163363
-3.23,0.00150951
-3.23,0.00157357
-3.23,0.00152953
-3.23,0.00154354
-3.23,0.00157758
-3.23,0.00157558
-3.23,0.00163363
-3.22,0.00163564
-3.22,0.00156356
-3.22,0.00167968
-3.22,0.00156557
-3.22,0.00162362
-3.22,0.00147548
-3.22,0.00173373
-3.22,0.00166366
-3.22,0.00156356
-3.22,0.00159359
-3.21,0.00162362
-3.21,0.0016977
-3.21,0.00163163
-3.21,0.00170571
-3.21,0.00169369
-3.21,0.00166767
-3.21,0.00157558
-3.21,0.00150551
-3.21,0.00153353
-3.21,0.00162963
-3.2,0.00161361
-3.2,0.00166567
-3.2,0.0016016
-3.2,0.00169369
-3.2,0.00165966
-3.2,0.00177578
-3.2,0.00166567
-3.2,0.00169369
-3.2,0.00167167
-3.2,0.00162162
-3.19,0.00175976
-3.19,0.00182983
-3.19,0.00182182
-3.19,0.00165165
-3.19,0.00171972
-3.19,0.00174975
-3.19,0.00178979
-3.19,0.00166967
-3.19,0.00175375
-3.19,0.00172573
-3.18,0.00181181
-3.18,0.00165365
-3.18,0.00167367
-3.18,0.00162162
-3.18,0.00182182
-3.18,0.00172172
-3.18,0.0017978
-3.18,0.00176577
-3.18,0.00167568
-3.18,0.00176777
-3.17,0.00182783
-3.17,0.00173974
-3.17,0.00167768
-3.17,0.00179379
-3.17,0.00171171
-3.17,0.00183383
-3.17,0.00171972
-3.17,0.00176777
-3.17,0.00180981
-3.17,0.00172573
-3.16,0.00177377
-3.16,0.00192192
-3.16,0.00174174
-3.16,0.00182382
-3.16,0.00184184
-3.16,0.00181181
-3.16,0.00180981
-3.16,0.00173574
-3.16,0.00179179
-3.16,0.00183984
-3.15,0.00179179
-3.15,0.00172973
-3.15,0.00180581
-3.15,0.00188388
-3.15,0.00187788
-3.15,0.00193794
-3.15,0.0019019
-3.15,0.00185786
-3.15,0.00181782
-3.15,0.00186186
-3.14,0.00185586
-3.14,0.00173974
-3.14,0.00191391
-3.14,0.00182583
-3.14,0.00187387
-3.14,0.0019019
-3.14,0.0019039
-3.14,0.00181181
-3.14,0.0019019
-3.14,0.00187588
-3.13,0.00188589
-3.13,0.00195195
-3.13,0.00186987
-3.13,0.00197397
-3.13,0.00202002
-3.13,0.00187988
-3.13,0.00199199
-3.13,0.00193994
-3.13,0.00191391
-3.13,0.00204004
-3.12,0.00193994
-3.12,0.00193193
-3.12,0.00198198
-3.12,0.00194595
-3.12,0.00194595
-3.12,0.00199399
-3.12,0.00196597
-3.12,0.00202202
-3.12,0.00201201
-3.12,0.00188989
-3.11,0.00200801
-3.11,0.00204805
-3.11,0.00196597
-3.11,0.00201802
-3.11,0.00201602
-3.11,0.00195996
-3.11,0.00207007
-3.11,0.00208609
-3.11,0.002002
-3.11,0.00198999
-3.1,0.00222022
-3.1,0.0021021
-3.1,0.00215015
-3.1,0.00192593
-3.1,0.0020981
-3.1,0.00203804
-3.1,0.00204404
-3.1,0.00201201
-3.1,0.00198999
-3.1,0.00205405
-3.09,0.00208809
-3.09,0.00213814
-3.09,0.00206807
-3.09,0.00213614
-3.09,0.00221021
-3.09,0.00207808
-3.09,0.00213814
-3.09,0.00201001
-3.09,0.0020981
-3.09,0.00217017
-3.08,0.0022022
-3.08,0.00227027
-3.08,0.00214014
-3.08,0.00212412
-3.08,0.00211011
-3.08,0.00208408
-3.08,0.00211211
-3.08,0.00226226
-3.08,0.00216416
-3.08,0.00204404
-3.07,0.00225826
-3.07,0.00202803
-3.07,0.00211411
-3.07,0.00221421
-3.07,0.00216216
-3.07,0.00224224
-3.07,0.00215816
-3.07,0.00219419
-3.07,0.00222422
-3.07,0.00207007
-3.06,0.00229229
-3.06,0.00234434
-3.06,0.00218418
-3.06,0.00228228
-3.06,0.00235035
-3.06,0.00221021
-3.06,0.00223824
-3.06,0.00223223
-3.06,0.00223824
-3.06,0.00223624
-3.05,0.00236236
-3.05,0.00221421
-3.05,0.00228829
-3.05,0.0021982
-3.05,0.00232633
-3.05,0.00233433
-3.05,0.00217818
-3.05,0.0022963
-3.05,0.00217618
-3.05,0.00224424
-3.04,0.00231231
-3.04,0.00227828
-3.04,0.00213614
-3.04,0.00233634
-3.04,0.00224625
-3.04,0.00228428
-3.04,0.00222222
-3.04,0.00226026
-3.04,0.00233033
-3.04,0.00233033
-3.03,0.00241241
-3.03,0.00240841
-3.03,0.00248649
-3.03,0.00237037
-3.03,0.00238038
-3.03,0.00245245
-3.03,0.00228829
-3.03,0.00247447
-3.03,0.0024024
-3.03,0.00229429
-3.02,0.00237037
-3.02,0.00234835
-3.02,0.00247648
-3.02,0.00249449
-3.02,0.00246847
-3.02,0.00237638
-3.02,0.00245245
-3.02,0.0024044
-3.02,0.00246847
-3.02,0.00236837
-3.01,0.00234234
-3.01,0.00239039
-3.01,0.00242042
-3.01,0.00253053
-3.01,0.00252853
-3.01,0.00235836
-3.01,0.0025045
-3.01,0.00244444
-3.01,0.00244845
-3.01,0.00250651
-3,0.00249449
-3,0.00248448
-3,0.00253654
-3,0.00242242
-3,0.00262262
-3,0.00251451
-3,0.00263263
-3,0.0025025
-3,0.0024004
-3,0.00250851
-2.99,0.00253453
-2.99,0.00260861
-2.99,0.00264464
-2.99,0.00262863
-2.99,0.00262863
-2.99,0.00261261
-2.99,0.00271672
-2.99,0.00257257
-2.99,0.00251852
-2.99,0.00256456
-2.98,0.0026026
-2.98,0.00262262
-2.98,0.00256857
-2.98,0.00249449
-2.98,0.00265265
-2.98,0.00262663
-2.98,0.00265065
-2.98,0.00274274
-2.98,0.00252052
-2.98,0.00265265
-2.97,0.00265666
-2.97,0.00262462
-2.97,0.00276877
-2.97,0.00278278
-2.97,0.00267267
-2.97,0.00270671
-2.97,0.00267467
-2.97,0.00267868
-2.97,0.00277077
-2.97,0.00267868
-2.96,0.00272272
-2.96,0.00271872
-2.96,0.00273674
-2.96,0.00282883
-2.96,0.00281682
-2.96,0.00271872
-2.96,0.00269069
-2.96,0.00267267
-2.96,0.00281481
-2.96,0.00271271
-2.95,0.00272673
-2.95,0.00274274
-2.95,0.00293894
-2.95,0.00263063
-2.95,0.00280881
-2.95,0.00276877
-2.95,0.00282482
-2.95,0.00285886
-2.95,0.00283283
-2.95,0.00273874
-2.94,0.00297898
-2.94,0.00290691
-2.94,0.00287688
-2.94,0.0027968
-2.94,0.00296496
-2.94,0.0028969
-2.94,0.00286286
-2.94,0.00287087
-2.94,0.00296697
-2.94,0.00282883
-2.93,0.00279079
-2.93,0.00292893
-2.93,0.00292893
-2.93,0.00297097
-2.93,0.00287487
-2.93,0.00285285
-2.93,0.0028969
-2.93,0.00291491
-2.93,0.00296096
-2.93,0.00304104
-2.92,0.0028969
-2.92,0.00297497
-2.92,0.00308909
-2.92,0.00307307
-2.92,0.00288889
-2.92,0.00297898
-2.92,0.00288889
-2.92,0.00304104
-2.92,0.00295696
-2.92,0.00296096
-2.91,0.00308509
-2.91,0.00307107
-2.91,0.00294294
-2.91,0.00297297
-2.91,0.00303504
-2.91,0.00293493
-2.91,0.00303303
-2.91,0.00297297
-2.91,0.00302503
-2.91,0.00303504
-2.9,0.00306507
-2.9,0.00308308
-2.9,0.00313914
-2.9,0.00308709
-2.9,0.00312713
-2.9,0.00304505
-2.9,0.00325726
-2.9,0.00307708
-2.9,0.002997
-2.9,0.00302102
-2.89,0.00318318
-2.89,0.00321321
-2.89,0.00325325
-2.89,0.00333133
-2.89,0.00323524
-2.89,0.00326126
-2.89,0.0032973
-2.89,0.00321722
-2.89,0.0032032
-2.89,0.00321522
-2.88,0.00299099
-2.88,0.00336937
-2.88,0.00320921
-2.88,0.00314715
-2.88,0.00314114
-2.88,0.00327127
-2.88,0.00315716
-2.88,0.00326927
-2.88,0.00318318
-2.88,0.00325526
-2.87,0.00332733
-2.87,0.00332533
-2.87,0.00339339
-2.87,0.00353954
-2.87,0.00327327
-2.87,0.00332733
-2.87,0.00324725
-2.87,0.00328328
-2.87,0.00325726
-2.87,0.00317718
-2.86,0.00341341
-2.86,0.00324324
-2.86,0.0034014
-2.86,0.00332132
-2.86,0.00345345
-2.86,0.00347948
-2.86,0.00352553
-2.86,0.00340741
-2.86,0.00316917
-2.86,0.00335936
-2.85,0.00353554
-2.85,0.00342743
-2.85,0.00346146
-2.85,0.00348348
-2.85,0.00337938
-2.85,0.00327928
-2.85,0.00335736
-2.85,0.0032953
-2.85,0.00339139
-2.85,0.00355756
-2.84,0.00353153
-2.84,0.00344945
-2.84,0.00347347
-2.84,0.0034034
-2.84,0.00350751
-2.84,0.00342142
-2.84,0.00344745
-2.84,0.00354755
-2.84,0.00357558
-2.84,0.00353353
-2.83,0.00342142
-2.83,0.00361762
-2.83,0.0033974
-2.83,0.00355956
-2.83,0.00364565
-2.83,0.00350551
-2.83,0.00362763
-2.83,0.00371572
-2.83,0.00356957
-2.83,0.00372372
-2.82,0.00372172
-2.82,0.00373373
-2.82,0.00367968
-2.82,0.00357357
-2.82,0.00368969
-2.82,0.00356957
-2.82,0.00361962
-2.82,0.00360961
-2.82,0.00364164
-2.82,0.00368969
-2.81,0.00371371
-2.81,0.00373373
-2.81,0.0038038
-2.81,0.00374174
-2.81,0.00373574
-2.81,0.00364164
-2.81,0.00369369
-2.81,0.00372372
-2.81,0.00371572
-2.81,0.00361962
-2.8,0.0038999
-2.8,0.00382783
-2.8,0.00369169
-2.8,0.0035996
-2.8,0.00376577
-2.8,0.00372773
-2.8,0.0038979
-2.8,0.00378178
-2.8,0.00377377
-2.8,0.00381982
-2.79,0.00384184
-2.79,0.00380981
-2.79,0.00375976
-2.79,0.00383183
-2.79,0.00389389
-2.79,0.00387187
-2.79,0.00401401
-2.79,0.00403604
-2.79,0.00365165
-2.79,0.00371371
-2.78,0.00402603
-2.78,0.00392793
-2.78,0.00412412
-2.78,0.00397598
-2.78,0.00393594
-2.78,0.00411011
-2.78,0.00383984
-2.78,0.00396797
-2.78,0.00386386
-2.78,0.00390791
-2.77,0.00392793
-2.77,0.00415215
-2.77,0.00417818
-2.77,0.00408008
-2.77,0.00407808
-2.77,0.00418218
-2.77,0.00386587
-2.77,0.004
-2.77,0.00387588
-2.77,0.0041001
-2.76,0.00411211
-2.76,0.00412212
-2.76,0.00396797
-2.76,0.00429229
-2.76,0.00410611
-2.76,0.00418018
-2.76,0.00427828
-2.76,0.00402002
-2.76,0.00412012
-2.76,0.00405405
-2.75,0.00424424
-2.75,0.00423824
-2.75,0.00407007
-2.75,0.00409009
-2.75,0.00438238
-2.75,0.00413814
-2.75,0.00415415
-2.75,0.00433834
-2.75,0.0041021
-2.75,0.00410611
-2.74,0.00424825
-2.74,0.00423023
-2.74,0.00422422
-2.74,0.00448448
-2.74,0.00434234
-2.74,0.00416416
-2.74,0.00431832
-2.74,0.00435435
-2.74,0.00424424
-2.74,0.00441241
-2.73,0.00431431
-2.73,0.00421822
-2.73,0.00434434
-2.73,0.00441441
-2.73,0.00457457
-2.73,0.00436236
-2.73,0.00432633
-2.73,0.00436837
-2.73,0.00430831
-2.73,0.00441041
-2.72,0.00451852
-2.72,0.00436436
-2.72,0.00454254
-2.72,0.0046026
-2.72,0.00456256
-2.72,0.00445646
-2.72,0.00439039
-2.72,0.00434434
-2.72,0.00459459
-2.72,0.00437638
-2.71,0.00463463
-2.71,0.00471471
-2.71,0.00458659
-2.71,0.0045986
-2.71,0.00457858
-2.71,0.00455055
-2.71,0.00455055
-2.71,0.0046046
-2.71,0.00447648
-2.71,0.00453654
-2.7,0.00466667
-2.7,0.00461662
-2.7,0.00473874
-2.7,0.00468268
-2.7,0.00467467
-2.7,0.00474474
-2.7,0.00473073
-2.7,0.00469069
-2.7,0.00483083
-2.7,0.00461261
-2.69,0.00461261
-2.69,0.00461061
-2.69,0.00484084
-2.69,0.00462262
-2.69,0.00466867
-2.69,0.00482883
-2.69,0.00500901
-2.69,0.00466266
-2.69,0.00473073
-2.69,0.00492092
-2.68,0.00487888
-2.68,0.00505506
-2.68,0.00495896
-2.68,0.00492292
-2.68,0.00486687
-2.68,0.00485285
-2.68,0.00481882
-2.68,0.00491491
-2.68,0.00484484
-2.68,0.00499299
-2.67,0.00497898
-2.67,0.00487688
-2.67,0.00495696
-2.67,0.00485485
-2.67,0.00506306
-2.67,0.00492492
-2.67,0.00499499
-2.67,0.00515916
-2.67,0.00495095
-2.67,0.00489489
-2.66,0.00513514
-2.66,0.004997
-2.66,0.00519319
-2.66,0.00504905
-2.66,0.00502703
-2.66,0.00516917
-2.66,0.00483483
-2.66,0.00518919
-2.66,0.00505506
-2.66,0.00503904
-2.65,0.00534334
-2.65,0.00530531
-2.65,0.00502703
-2.65,0.00527528
-2.65,0.00540941
-2.65,0.004997
-2.65,0.00507307
-2.65,0.00506306
-2.65,0.00537938
-2.65,0.00521321
-2.64,0.00518719
-2.64,0.00521321
-2.64,0.00536336
-2.64,0.00528729
-2.64,0.00528729
-2.64,0.00522523
-2.64,0.00549349
-2.64,0.00512312
-2.64,0.0052953
-2.64,0.00530731
-2.63,0.00548148
-2.63,0.00544144
-2.63,0.00528929
-2.63,0.00549349
-2.63,0.00531932
-2.63,0.00530931
-2.63,0.00535135
-2.63,0.00534735
-2.63,0.00537137
-2.63,0.00544344
-2.62,0.00542743
-2.62,0.00547748
-2.62,0.00558959
-2.62,0.00558158
-2.62,0.00555556
-2.62,0.0056016
-2.62,0.00537738
-2.62,0.00552352
-2.62,0.00546547
-2.62,0.00561962
-2.61,0.00567367
-2.61,0.00568368
-2.61,0.00567367
-2.61,0.00562963
-2.61,0.0053994
-2.61,0.00593594
-2.61,0.00578579
-2.61,0.00555556
-2.61,0.00540541
-2.61,0.00552152
-2.6,0.00575776
-2.6,0.00556757
-2.6,0.0056036
-2.6,0.00582182
-2.6,0.00563564
-2.6,0.00574975
-2.6,0.00582182
-2.6,0.00574174
-2.6,0.00584184
-2.6,0.0057998
-2.59,0.00606006
-2.59,0.00587988
-2.59,0.00590791
-2.59,0.00576777
-2.59,0.00588388
-2.59,0.00590591
-2.59,0.00581381
-2.59,0.00583383
-2.59,0.00592593
-2.59,0.00588188
-2.58,0.00594995
-2.58,0.00601201
-2.58,0.00601401
-2.58,0.00602803
-2.58,0.00585385
-2.58,0.0060961
-2.58,0.0059019
-2.58,0.00589389
-2.58,0.00610611
-2.58,0.00599199
-2.57,0.00612813
-2.57,0.00613413
-2.57,0.00623223
-2.57,0.00613814
-2.57,0.00597197
-2.57,0.0061021
-2.57,0.00624224
-2.57,0.00618418
-2.57,0.00625025
-2.57,0.00599199
-2.56,0.00624024
-2.56,0.00633634
-2.56,0.00621221
-2.56,0.00613814
-2.56,0.00627227
-2.56,0.00637638
-2.56,0.00614414
-2.56,0.00616617
-2.56,0.00612613
-2.56,0.0062042
-2.55,0.00635235
-2.55,0.00638038
-2.55,0.00642643
-2.55,0.00619019
-2.55,0.0065025
-2.55,0.00644044
-2.55,0.00638639
-2.55,0.0066026
-2.55,0.00628428
-2.55,0.00627227
-2.54,0.00638438
-2.54,0.00642042
-2.54,0.00648849
-2.54,0.00636236
-2.54,0.00654655
-2.54,0.00654054
-2.54,0.0065025
-2.54,0.00639239
-2.54,0.00663864
-2.54,0.00655856
-2.53,0.00658258
-2.53,0.00668468
-2.53,0.00663664
-2.53,0.0066006
-2.53,0.00662462
-2.53,0.0066046
-2.53,0.00669469
-2.53,0.00672072
-2.53,0.00674074
-2.53,0.00644244
-2.52,0.0069049
-2.52,0.00658258
-2.52,0.0067047
-2.52,0.00679079
-2.52,0.00642643
-2.52,0.00652052
-2.52,0.00672272
-2.52,0.0067027
-2.52,0.00674274
-2.52,0.00676877
-2.51,0.00686687
-2.51,0.00683884
-2.51,0.00676276
-2.51,0.0066967
-2.51,0.00698098
-2.51,0.00699299
-2.51,0.00671271
-2.51,0.00673273
-2.51,0.0070971
-2.51,0.00700701
-2.5,0.0072012
-2.5,0.00709309
-2.5,0.00693493
-2.5,0.00699499
-2.5,0.00689289
-2.5,0.00694695
-2.5,0.00718519
-2.5,0.00706907
-2.5,0.00710511
-2.5,0.00732533
-2.49,0.00757758
-2.49,0.00728128
-2.49,0.00721722
-2.49,0.00714114
-2.49,0.00712913
-2.49,0.00708308
-2.49,0.00722122
-2.49,0.00722322
-2.49,0.00762162
-2.49,0.00727728
-2.48,0.0073033
-2.48,0.00758158
-2.48,0.00742142
-2.48,0.00766166
-2.48,0.0074014
-2.48,0.00726527
-2.48,0.0074975
-2.48,0.00750951
-2.48,0.00732132
-2.48,0.00724725
-2.47,0.0073013
-2.47,0.00762362
-2.47,0.00721922
-2.47,0.00748549
-2.47,0.00761161
-2.47,0.00753754
-2.47,0.00735335
-2.47,0.00739139
-2.47,0.00733133
-2.47,0.00751752
-2.46,0.00777377
-2.46,0.00764765
-2.46,0.00743944
-2.46,0.00787988
-2.46,0.00770771
-2.46,0.00771572
-2.46,0.0077958
-2.46,0.00764765
-2.46,0.00763964
-2.46,0.00749149
-2.45,0.00771171
-2.45,0.00805806
-2.45,0.0078979
-2.45,0.00801001
-2.45,0.00783584
-2.45,0.00777978
-2.45,0.00800801
-2.45,0.00784384
-2.45,0.0079019
-2.45,0.00772773
-2.44,0.00815415
-2.44,0.00829029
-2.44,0.00807608
-2.44,0.00776176
-2.44,0.00826827
-2.44,0.00787988
-2.44,0.0078999
-2.44,0.00806006
-2.44,0.00795796
-2.44,0.00787187
-2.43,0.00813814
-2.43,0.00834835
-2.43,0.00806206
-2.43,0.00821421
-2.43,0.00817217
-2.43,0.00844444
-2.43,0.00835235
-2.43,0.00817417
-2.43,0.00812212
-2.43,0.00826827
-2.42,0.0084024
-2.42,0.00862663
-2.42,0.00828629
-2.42,0.00818018
-2.42,0.00807207
-2.42,0.00837638
-2.42,0.00832833
-2.42,0.00858058
-2.42,0.00831031
-2.42,0.00835836
-2.41,0.00864665
-2.41,0.00876877
-2.41,0.0085986
-2.41,0.00885085
-2.41,0.00852252
-2.41,0.00875676
-2.41,0.00843443
-2.41,0.00850651
-2.41,0.00864064
-2.41,0.00839439
-2.4,0.00883483
-2.4,0.00888088
-2.4,0.00895495
-2.4,0.00865465
-2.4,0.00896697
-2.4,0.00841642
-2.4,0.00864665
-2.4,0.0086026
-2.4,0.00872072
-2.4,0.00866867
-2.39,0.00912312
-2.39,0.00913714
-2.39,0.00896897
-2.39,0.00901502
-2.39,0.00884284
-2.39,0.00907508
-2.39,0.00893293
-2.39,0.00858258
-2.39,0.00875475
-2.39,0.00877678
-2.38,0.00924725
-2.38,0.00920521
-2.38,0.00903904
-2.38,0.00908509
-2.38,0.00911512
-2.38,0.00910511
-2.38,0.00923524
-2.38,0.00933133
-2.38,0.00914915
-2.38,0.0090971
-2.37,0.00922923
-2.37,0.00946346
-2.37,0.00923524
-2.37,0.00922322
-2.37,0.0094995
-2.37,0.00937337
-2.37,0.0090971
-2.37,0.00920921
-2.37,0.00946947
-2.37,0.00938939
-2.36,0.0094995
-2.36,0.00962563
-2.36,0.009998
-2.36,0.00944745
-2.36,0.00954955
-2.36,0.00939339
-2.36,0.00943143
-2.36,0.0094975
-2.36,0.00929329
-2.36,0.00950751
-2.35,0.00960561
-2.35,0.00987588
-2.35,0.00963363
-2.35,0.00964364
-2.35,0.00963163
-2.35,0.00965966
-2.35,0.00980781
-2.35,0.00967968
-2.35,0.00954354
-2.35,0.00984785
-2.34,0.00978378
-2.34,0.0102002
-2.34,0.00992793
-2.34,0.010002
-2.34,0.010014
-2.34,0.00966767
-2.34,0.0102963
-2.34,0.00996997
-2.34,0.00985986
-2.34,0.0100641
-2.33,0.0100501
-2.33,0.0100761
-2.33,0.0102222
-2.33,0.0101982
-2.33,0.0102082
-2.33,0.0101782
-2.33,0.0102462
-2.33,0.0106987
-2.33,0.00986987
-2.33,0.0102142
-2.32,0.0103884
-2.32,0.0104805
-2.32,0.0105906
-2.32,0.0103183
-2.32,0.0106266
-2.32,0.0103423
-2.32,0.0104565
-2.32,0.0104645
-2.32,0.0104805
-2.32,0.0104765
-2.31,0.0104525
-2.31,0.0107127
-2.31,0.0106066
-2.31,0.0105265
-2.31,0.0108068
-2.31,0.0104104
-2.31,0.0106066
-2.31,0.0104424
-2.31,0.0106927
-2.31,0.0106406
-2.3,0.0108348
-2.3,0.0108428
-2.3,0.010953
-2.3,0.010957
-2.3,0.0107788
-2.3,0.0106326
-2.3,0.0106146
-2.3,0.0111151
-2.3,0.0107608
-2.3,0.0108589
-2.29,0.0112593
-2.29,0.0111632
-2.29,0.010959
-2.29,0.011011
-2.29,0.0109309
-2.29,0.0109489
-2.29,0.0109069
-2.29,0.0112392
-2.29,0.0112072
-2.29,0.0111872
-2.28,0.0113053
-2.28,0.0112853
-2.28,0.0113534
-2.28,0.0118118
-2.28,0.0114014
-2.28,0.0112392
-2.28,0.011043
-2.28,0.0111011
-2.28,0.0112713
-2.28,0.0114034
-2.27,0.0114294
-2.27,0.0114635
-2.27,0.0114595
-2.27,0.0116637
-2.27,0.0114615
-2.27,0.0116777
-2.27,0.0113373
-2.27,0.0119279
-2.27,0.0115876
-2.27,0.0118799
-2.26,0.0118438
-2.26,0.0119479
-2.26,0.012014
-2.26,0.0117317
-2.26,0.0121021
-2.26,0.0118298
-2.26,0.0118819
-2.26,0.0120541
-2.26,0.0116897
-2.26,0.01197
-2.25,0.01203
-2.25,0.0122382
-2.25,0.0121922
-2.25,0.012026
-2.25,0.0118378
-2.25,0.0122643
-2.25,0.0122122
-2.25,0.0120621
-2.25,0.012042
-2.25,0.0121121
-2.24,0.0124825
-2.24,0.0125185
-2.24,0.0125566
-2.24,0.0124605
-2.24,0.0123964
-2.24,0.0123504
-2.24,0.0122382
-2.24,0.0125506
-2.24,0.0125546
-2.24,0.0124144
-2.23,0.012971
-2.23,0.0126807
-2.23,0.0125145
-2.23,0.0127467
-2.23,0.0125746
-2.23,0.0127648
-2.23,0.0126507
-2.23,0.012985
-2.23,0.0124905
-2.23,0.0125846
-2.22,0.0127307
-2.22,0.0127508
-2.22,0.0129369
-2.22,0.0126587
-2.22,0.012999
-2.22,0.0128909
-2.22,0.0131752
-2.22,0.0126787
-2.22,0.0131632
-2.22,0.013001
-2.21,0.0133053
-2.21,0.0130671
-2.21,0.0132372
-2.21,0.0133073
-2.21,0.013011
-2.21,0.0133133
-2.21,0.0128729
-2.21,0.0134795
-2.21,0.0134535
-2.21,0.0133353
-2.2,0.0136356
-2.2,0.0134014
-2.2,0.0136256
-2.2,0.0136436
-2.2,0.0136817
-2.2,0.0135235
-2.2,0.0133473
-2.2,0.0134855
-2.2,0.0136396
-2.2,0.0134254
-2.19,0.0138999
-2.19,0.0137397
-2.19,0.0136216
-2.19,0.0136677
-2.19,0.0139339
-2.19,0.0136977
-2.19,0.013992
-2.19,0.013954
-2.19,0.0138619
-2.19,0.0138338
-2.18,0.0143263
-2.18,0.0140841
-2.18,0.0144805
-2.18,0.013966
-2.18,0.013958
-2.18,0.01398
-2.18,0.0145025
-2.18,0.0141862
-2.18,0.0141201
-2.18,0.0138218
-2.17,0.0147027
-2.17,0.0143964
-2.17,0.0142142
-2.17,0.0145626
-2.17,0.0146226
-2.17,0.0142122
-2.17,0.0144665
-2.17,0.0146066
-2.17,0.0142342
-2.17,0.0147427
-2.16,0.0144545
-2.16,0.0147748
-2.16,0.0147828
-2.16,0.0145405
-2.16,0.014959
-2.16,0.0149249
-2.16,0.0144605
-2.16,0.0144384
-2.16,0.0147688
-2.16,0.0147988
-2.15,0.0150831
-2.15,0.0153333
-2.15,0.0149109
-2.15,0.0152212
-2.15,0.014983
-2.15,0.0148048
-2.15,0.015013
-2.15,0.014967
-2.15,0.0151752
-2.15,0.014955
-2.14,0.0154094
-2.14,0.0152993
-2.14,0.0154494
-2.14,0.0154835
-2.14,0.0151732
-2.14,0.0155455
-2.14,0.0152813
-2.14,0.0154955
-2.14,0.0154715
-2.14,0.0154675
-2.13,0.0158498
-2.13,0.01603
-2.13,0.0158458
-2.13,0.016004
-2.13,0.015952
-2.13,0.0156577
-2.13,0.0159179
-2.13,0.0158999
-2.13,0.0159479
-2.13,0.0158178
-2.12,0.0161582
-2.12,0.015988
-2.12,0.0160661
-2.12,0.016006
-2.12,0.0162402
-2.12,0.0161782
-2.12,0.0163143
-2.12,0.0162823
-2.12,0.0161742
-2.12,0.0158198
-2.11,0.0164605
-2.11,0.0162703
-2.11,0.0165666
-2.11,0.0162082
-2.11,0.0169089
-2.11,0.0164444
-2.11,0.0166466
-2.11,0.0162603
-2.11,0.0164985
-2.11,0.0164845
-2.1,0.0168108
-2.1,0.0168929
-2.1,0.0167407
-2.1,0.0172332
-2.1,0.0166547
-2.1,0.0171071
-2.1,0.0167107
-2.1,0.0169129
-2.1,0.0168188
-2.1,0.0163343
-2.09,0.0175215
-2.09,0.0173834
-2.09,0.0167908
-2.09,0.0173674
-2.09,0.0172733
-2.09,0.0169329
-2.09,0.0170671
-2.09,0.0175896
-2.09,0.0173093
-2.09,0.0174454
-2.08,0.0176737
-2.08,0.0177137
-2.08,0.0175576
-2.08,0.017976
-2.08,0.0173874
-2.08,0.018028
-2.08,0.0177397
-2.08,0.0176176
-2.08,0.0176096
-2.08,0.0176657
-2.07,0.0180861
-2.07,0.0182583
-2.07,0.0179159
-2.07,0.0183624
-2.07,0.017976
-2.07,0.018036
-2.07,0.0182222
-2.07,0.0181862
-2.07,0.0181642
-2.07,0.0176777
-2.06,0.0187427
-2.06,0.0184625
-2.06,0.0182683
-2.06,0.0183123
-2.06,0.0183203
-2.06,0.0186607
-2.06,0.0184805
-2.06,0.0186847
-2.06,0.0184424
-2.06,0.0182462
-2.05,0.0195135
-2.05,0.0190951
-2.05,0.0190911
-2.05,0.0188529
-2.05,0.019037
-2.05,0.0186547
-2.05,0.0192873
-2.05,0.0187287
-2.05,0.019023
-2.05,0.0189129
-2.04,0.0195195
-2.04,0.0194655
-2.04,0.0192012
-2.04,0.0194955
-2.04,0.0196296
-2.04,0.0193834
-2.04,0.0192953
-2.04,0.0194094
-2.04,0.0194254
-2.04,0.0195455
-2.03,0.0197718
-2.03,0.019972
-2.03,0.0198078
-2.03,0.0197658
-2.03,0.019956
-2.03,0.0196897
-2.03,0.0200841
-2.03,0.0201702
-2.03,0.020018
-2.03,0.019962
-2.02,0.0202683
-2.02,0.0201602
-2.02,0.0207548
-2.02,0.0202683
-2.02,0.0204424
-2.02,0.0202162
-2.02,0.0205265
-2.02,0.0203604
-2.02,0.0200941
-2.02,0.0203824
-2.01,0.0204885
-2.01,0.0210531
-2.01,0.020997
-2.01,0.0206206
-2.01,0.0211351
-2.01,0.0206767
-2.01,0.0207387
-2.01,0.0205886
-2.01,0.0205465
-2.01,0.0207227
-2,0.0213994
-2,0.0216096
-2,0.0214955
-2,0.0212873
-2,0.021013
-2,0.021031
-2,0.0212753
-2,0.0212312
-2,0.0213614
-2,0.021003
-1.99,0.0221562
-1.99,0.0220721
-1.99,0.02203
-1.99,0.0218458
-1.99,0.0221001
-1.99,0.0220661
-1.99,0.0216336
-1.99,0.0218919
-1.99,0.022028
-1.99,0.0221261
-1.98,0.0223083
-1.98,0.0223283
-1.98,0.0224645
-1.98,0.022024
-1.98,0.0223984
-1.98,0.0226166
-1.98,0.0220941
-1.98,0.0221241
-1.98,0.0226486
-1.98,0.0218298
-1.97,0.0223183
-1.97,0.0228448
-1.97,0.0231291
-1.97,0.023027
-1.97,0.0234154
-1.97,0.0226807
-1.97,0.0231672
-1.97,0.022969
-1.97,0.0225806
-1.97,0.0228529
-1.96,0.0235115
-1.96,0.023023
-1.96,0.0236176
-1.96,0.0232973
-1.96,0.0236316
-1.96,0.0235215
-1.96,0.0237037
-1.96,0.0230911
-1.96,0.0232973
-1.96,0.0237257
-1.95,0.0240901
-1.95,0.0243063
-1.95,0.024042
-1.95,0.0236717
-1.95,0.0241702
-1.95,0.0237558
-1.95,0.024046
-1.95,0.0240921
-1.95,0.023988
-1.95,0.02402
-1.94,0.0244224
-1.94,0.0245465
-1.94,0.0244424
-1.94,0.0251912
-1.94,0.0245225
-1.94,0.0243483
-1.94,0.025011
-1.94,0.0245385
-1.94,0.0249289
-1.94,0.0247508
-1.93,0.0252192
-1.93,0.0251952
-1.93,0.0253313
-1.93,0.0253894
-1.93,0.024995
-1.93,0.0251952
-1.93,0.0252092
-1.93,0.0251552
-1.93,0.0253654
-1.93,0.024987
-1.92,0.025978
-1.92,0.026036
-1.92,0.0257457
-1.92,0.0256016
-1.92,0.0258559
-1.92,0.0257678
-1.92,0.0259499
-1.92,0.0257117
-1.92,0.026
-1.92,0.0258519
-1.91,0.0264645
-1.91,0.0263864
-1.91,0.0260581
-1.91,0.0269449
-1.91,0.0266386
-1.91,0.0262222
-1.91,0.0264084
-1.91,0.0267928
-1.91,0.0265806
-1.91,0.0265946
-1.9,0.0274274
-1.9,0.0271471
-1.9,0.0270731
-1.9,0.0267528
-1.9,0.0273914
-1.9,0.0274034
-1.9,0.0272492
-1.9,0.026967
-1.9,0.0272933
-1.9,0.0270611
-1.89,0.0277518
-1.89,0.0282523
-1.89,0.0275516
-1.89,0.0281682
-1.89,0.0278739
-1.89,0.0275435
-1.89,0.027974
-1.89,0.0275435
-1.89,0.0278799
-1.89,0.0275556
-1.88,0.0284104
-1.88,0.0284224
-1.88,0.0282683
-1.88,0.0283083
-1.88,0.0287167
-1.88,0.0286727
-1.88,0.0285345
-1.88,0.0283564
-1.88,0.0288829
-1.88,0.0288148
-1.87,0.0297317
-1.87,0.0294354
-1.87,0.0291291
-1.87,0.0294294
-1.87,0.0294234
-1.87,0.0294975
-1.87,0.029019
-1.87,0.0297598
-1.87,0.0295976
-1.87,0.0294454
-1.86,0.0301161
-1.86,0.0304785
-1.86,0.0305546
-1.86,0.0299219
-1.86,0.0304144
-1.86,0.0300701
-1.86,0.0304044
-1.86,0.0303323
-1.86,0.030048
-1.86,0.029998
-1.85,0.0307908
-1.85,0.0308529
-1.85,0.0311371
-1.85,0.0307447
-1.85,0.0305205
-1.85,0.031029
-1.85,0.0312993
-1.85,0.0306246
-1.85,0.0311371
-1.85,0.0309129
-1.84,0.0319119
-1.84,0.0318699
-1.84,0.0318258
-1.84,0.0317177
-1.84,0.03199
-1.84,0.0317457
-1.84,0.0319479
-1.84,0.0323944
-1.84,0.0313453
-1.84,0.0319179
-1.83,0.0329009
-1.83,0.0320541
-1.83,0.0325846
-1.83,0.031964
-1.83,0.0323243
-1.83,0.0323163
-1.83,0.0323183
-1.83,0.0326266
-1.83,0.0327648
-1.83,0.0327227
-1.82,0.0331231
-1.82,0.033047
-1.82,0.0330771
-1.82,0.0331091
-1.82,0.0334755
-1.82,0.0336036
-1.82,0.0333393
-1.82,0.033043
-1.82,0.033003
-1.82,0.0334635
-1.81,0.03401
-1.81,0.0342803
-1.81,0.0342823
-1.81,0.0342783
-1.81,0.0343343
-1.81,0.0343924
-1.81,0.0343964
-1.81,0.0342362
-1.81,0.0342603
-1.81,0.0347968
-1.8,0.0352492
-1.8,0.0352372
-1.8,0.0352472
-1.8,0.0347187
-1.8,0.0355155
-1.8,0.0353874
-1.8,0.0355495
-1.8,0.0346847
-1.8,0.0356436
-1.8,0.0350811
-1.79,0.0362543
-1.79,0.0359059
-1.79,0.0362302
-1.79,0.0361502
-1.79,0.036042
-1.79,0.0364184
-1.79,0.0361281
-1.79,0.0358979
-1.79,0.0366787
-1.79,0.035968
-1.78,0.0369009
-1.78,0.037031
-1.78,0.037041
-1.78,0.0372573
-1.78,0.0371792
-1.78,0.0374695
-1.78,0.0369349
-1.78,0.0369209
-1.78,0.0371712
-1.78,0.0366547
-1.77,0.0382863
-1.77,0.0385646
-1.77,0.0378799
-1.77,0.03796
-1.77,0.0382723
-1.77,0.0387487
-1.77,0.0380561
-1.77,0.0387387
-1.77,0.0384284
-1.77,0.0382322
-1.76,0.0394795
-1.76,0.0397618
-1.76,0.0392332
-1.76,0.0393674
-1.76,0.0392492
-1.76,0.0393794
-1.76,0.0397598
-1.76,0.0392192
-1.76,0.0392693
-1.76,0.0392573
-1.75,0.0407688
-1.75,0.0403884
-1.75,0.0407447
-1.75,0.0400621
-1.75,0.0406607
-1.75,0.0405005
-1.75,0.0404424
-1.75,0.0405325
-1.75,0.0407367
-1.75,0.039982
-1.74,0.0414414
-1.74,0.0419279
-1.74,0.0414114
-1.74,0.0415415
-1.74,0.0411471
-1.74,0.0417918
-1.74,0.041031
-1.74,0.0411351
-1.74,0.0417558
-1.74,0.0417698
-1.73,0.042991
-1.73,0.0431792
-1.73,0.0427528
-1.73,0.0431131
-1.73,0.042967
-1.73,0.0426627
-1.73,0.0427027
-1.73,0.0424765
-1.73,0.0423944
-1.73,0.0422863
-1.72,0.0447768
-1.72,0.0443243
-1.72,0.0440781
-1.72,0.0441622
-1.72,0.0446166
-1.72,0.0448569
-1.72,0.0446386
-1.72,0.0436036
-1.72,0.044036
-1.72,0.0447167
-1.71,0.044995
-1.71,0.0455756
-1.71,0.0457497
-1.71,0.0454575
-1.71,0.0461822
-1.71,0.0455556
-1.71,0.0466466
-1.71,0.0457818
-1.71,0.0453193
-1.71,0.0451532
-1.7,0.0466667
-1.7,0.0463323
-1.7,0.0468168
-1.7,0.0470691
-1.7,0.0476396
-1.7,0.0472392
-1.7,0.0460641
-1.7,0.0473634
-1.7,0.0471051
-1.7,0.0464665
-1.69,0.0481361
-1.69,0.0492152
-1.69,0.0483924
-1.69,0.0483804
-1.69,0.0481622
-1.69,0.047972
-1.69,0.0481441
-1.69,0.0483483
-1.69,0.0488569
-1.69,0.0482963
-1.68,0.0501221
-1.68,0.0502783
-1.68,0.0494374
-1.68,0.0497858
-1.68,0.0505285
-1.68,0.0494675
-1.68,0.049958
-1.68,0.0496076
-1.68,0.0506226
-1.68,0.0495876
-1.67,0.0523684
-1.67,0.0515716
-1.67,0.0516557
-1.67,0.0514575
-1.67,0.0512072
-1.67,0.0515335
-1.67,0.0514895
-1.67,0.0512252
-1.67,0.0522222
-1.67,0.0528909
-1.66,0.05398
-1.66,0.053978
-1.66,0.0540501
-1.66,0.0523343
-1.66,0.0536977
-1.66,0.0535656
-1.66,0.052955
-1.66,0.0531211
-1.66,0.0534555
-1.66,0.0531191
-1.65,0.0554655
-1.65,0.0555736
-1.65,0.0548248
-1.65,0.0552633
-1.65,0.0558999
-1.65,0.0552112
-1.65,0.0554735
-1.65,0.0556757
-1.65,0.0551031
-1.65,0.0562162
-1.64,0.057952
-1.64,0.0573514
-1.64,0.0566246
-1.64,0.0565305
-1.64,0.0567267
-1.64,0.0570911
-1.64,0.0567367
-1.64,0.0574875
-1.64,0.0565465
-1.64,0.0570551
-1.63,0.0587127
-1.63,0.0600821
-1.63,0.0593874
-1.63,0.0593594
-1.63,0.0588388
-1.63,0.0591211
-1.63,0.0594615
-1.63,0.0592432
-1.63,0.0601341
-1.63,0.060044
-1.62,0.0626486
-1.62,0.0625345
-1.62,0.0612633
-1.62,0.0617558
-1.62,0.0615035
-1.62,0.0613153
-1.62,0.0619119
-1.62,0.0623303
-1.62,0.0618639
-1.62,0.0615776
-1.61,0.0645345
-1.61,0.0634314
-1.61,0.0637457
-1.61,0.0643363
-1.61,0.0641862
-1.61,0.0634234
-1.61,0.0638879
-1.61,0.0635255
-1.61,0.0631251
-1.61,0.0639119
-1.6,0.0666747
-1.6,0.0664424
-1.6,0.0661141
-1.6,0.0667467
-1.6,0.0666026
-1.6,0.0678619
-1.6,0.067023
-1.6,0.0666527
-1.6,0.066997
-1.6,0.0675716
-1.59,0.0695495
-1.59,0.0688408
-1.59,0.0695415
-1.59,0.0697678
-1.59,0.0706607
-1.59,0.0696136
-1.59,0.0694895
-1.59,0.0698919
-1.59,0.0705245
-1.59,0.0688829
-1.58,0.0732212
-1.58,0.0725586
-1.58,0.0727548
-1.58,0.0727968
-1.58,0.0727528
-1.58,0.073049
-1.58,0.0732773
-1.58,0.0732112
-1.58,0.071962
-1.58,0.0723063
-1.57,0.0764845
-1.57,0.0760781
-1.57,0.0771572
-1.57,0.0772232
-1.57,0.0757938
-1.57,0.0762022
-1.57,0.0762603
-1.57,0.0762663
-1.57,0.0766507
-1.57,0.0758358
-1.56,0.0808288
-1.56,0.0815275
-1.56,0.0796817
-1.56,0.0804244
-1.56,0.0802523
-1.56,0.0788048
-1.56,0.0808348
-1.56,0.0794635
-1.56,0.0811972
-1.56,0.0787107
-1.55,0.0838118
-1.55,0.0837377
-1.55,0.0847027
-1.55,0.0861181
-1.55,0.0862422
-1.55,0.0861582
-1.55,0.0848468
-1.55,0.0851812
-1.55,0.0848068
-1.55,0.0840561
-1.54,0.0905465
-1.54,0.0911171
-1.54,0.0908328
-1.54,0.0911211
-1.54,0.0922623
-1.54,0.0907688
-1.54,0.0920621
-1.54,0.0911191
-1.54,0.091007
-1.54,0.0928228
-1.53,0.0998699
-1.53,0.101207
-1.53,0.101862
-1.53,0.100701
-1.53,0.0997718
-1.53,0.0993754
-1.53,0.100106
-1.53,0.0988549
-1.53,0.0996096
-1.53,0.097045
-1.52,0.10816
-1.52,0.115327
-1.52,0.119836
-1.52,0.122547
-1.52,0.131978
-1.52,0.152845
-1.52,0.998332
-1.52,0.999978
-1.52,0.999978
-1.52,0.999976
-1.51,0.999982
-1.51,0.99998
-1.51,0.999978
-1.51,0.999994
-1.51,0.999984
-1.51,0.999982
-1.51,0.999986
-1.51,0.99998
-1.51,0.999968
-1.51,0.99998
-1.5,0.999976
-1.5,0.999996
-1.5,0.999986
-1.5,0.999986
-1.5,0.999986
-1.5,0.999974
-1.5,0.999978
-1.5,0.99999
-1.5,0.999984
-1.5,0.999988
-1.49,0.999978
-1.49,0.99998
-1.49,0.999988
-1.49,0.999992
-1.49,0.999988
-1.49,0.999986
-1.49,0.999988
-1.49,0.999978
-1.49,0.999986
-1.49,0.999986
-1.48,0.999984
-1.48,0.999988
-1.48,0.999982
-1.48,0.999976
-1.48,0.999986
-1.48,0.999984
-1.48,0.999988
-1.48,0.999994
-1.48,0.99999
-1.48,0.999988
-1.47,0.999984
-1.47,0.99999
-1.47,0.99999
-1.47,0.999984
-1.47,0.999978
-1.47,0.999978
-1.47,0.99998
-1.47,0.999996
-1.47,0.99998
-1.47,0.999982
-1.46,0.999992
-1.46,0.999974
-1.46,0.999988
-1.46,0.999982
-1.46,0.999988
-1.46,0.999978
-1.46,0.999992
-1.46,0.999984
-1.46,0.999972
-1.46,0.99998
-1.45,0.99999
-1.45,0.999984
-1.45,0.999998
-1.45,0.999982
-1.45,0.999986
-1.45,0.999982
-1.45,0.999982
-1.45,0.999988
-1.45,0.999982
-1.45,0.999984
-1.44,0.999978
-1.44,0.999984
-1.44,0.999988
-1.44,0.999986
-1.44,0.999982
-1.44,0.999978
-1.44,0.999988
-1.44,0.999986
-1.44,0.999984
-1.44,0.999988
-1.43,0.99998
-1.43,0.999988
-1.43,0.999986
-1.43,0.999986
-1.43,0.999976
-1.43,0.99999
-1.43,0.99999
-1.43,0.999986
-1.43,0.999984
-1.43,0.99999
-1.42,0.999978
-1.42,0.999992
-1.42,0.999982
-1.42,0.999988
-1.42,0.99998
-1.42,0.999976
-1.42,0.999984
-1.42,0.999978
-1.42,0.999994
-1.42,0.999986
-1.41,0.999982
-1.41,0.999992
-1.41,0.999988
-1.41,0.999986
-1.41,0.999982
-1.41,0.999996
-1.41,0.999984
-1.41,0.999992
-1.41,0.999988
-1.41,0.99999
-1.4,0.999982
-1.4,0.999986
-1.4,0.999986
-1.4,0.999988
-1.4,0.999982
-1.4,0.999978
-1.4,0.999984
-1.4,0.999988
-1.4,0.999994
-1.4,0.999982
-1.39,0.999988
-1.39,0.999982
-1.39,0.999988
-1.39,0.999994
-1.39,0.999992
-1.39,0.999982
-1.39,0.999984
-1.39,0.999978
-1.39,0.999992
-1.39,0.999992
-1.38,0.999996
-1.38,0.999984
-1.38,0.999978
-1.38,0.999992
-1.38,0.99999
-1.38,0.999988
-1.38,0.999986
-1.38,0.99998
-1.38,0.999994
-1.38,0.999978
-1.37,0.999984
-1.37,0.999984
-1.37,0.999984
-1.37,0.999986
-1.37,0.999982
-1.37,0.999992
-1.37,0.999984
-1.37,0.999988
-1.37,0.99998
-1.37,0.999986
-1.36,0.999988
-1.36,0.999998
-1.36,0.99998
-1.36,0.99998
-1.36,0.999988
-1.36,0.999992
-1.36,0.999978
-1.36,0.99997
-1.36,0.999982
-1.36,0.999984
-1.35,0.999986
-1.35,0.999992
-1.35,0.999992
-1.35,0.999992
-1.35,0.99999
-1.35,0.99999
-1.35,0.999988
-1.35,0.999986
-1.35,0.999992
-1.35,0.999982
-1.34,0.99999
-1.34,0.999988
-1.34,0.99999
-1.34,0.999992
-1.34,0.999982
-1.34,0.999988
-1.34,0.999984
-1.34,0.999992
-1.34,0.999994
-1.34,0.999984
-1.33,0.99998
-1.33,0.999988
-1.33,0.999988
-1.33,0.999982
-1.33,0.999996
-1.33,0.999986
-1.33,0.999984
-1.33,0.99999
-1.33,0.99998
-1.33,0.999988
-1.32,0.999988
-1.32,0.999994
-1.32,0.999988
-1.32,0.999988
-1.32,0.99999
-1.32,0.99998
-1.32,0.999994
-1.32,0.999996
-1.32,0.999984
-1.32,0.999984
-1.31,0.999986
-1.31,0.999986
-1.31,0.99999
-1.31,0.999992
-1.31,0.999982
-1.31,0.999988
-1.31,0.999986
-1.31,0.999994
-1.31,0.999988
-1.31,0.99999
-1.3,0.999988
-1.3,0.999986
-1.3,0.999996
-1.3,0.999986
-1.3,0.999986
-1.3,0.999992
-1.3,0.999982
-1.3,0.99999
-1.3,0.999998
-1.3,0.999978
-1.29,0.999992
-1.29,0.99999
-1.29,0.999988
-1.29,0.999994
-1.29,0.999998
-1.29,0.999992
-1.29,0.999994
-1.29,0.99999
-1.29,0.999986
-1.29,0.99998
-1.28,0.999994
-1.28,0.999994
-1.28,0.999994
-1.28,0.999982
-1.28,0.999994
-1.28,0.999992
-1.28,0.99999
-1.28,0.999994
-1.28,0.99999
-1.28,0.999988
-1.27,0.999992
-1.27,0.999984
-1.27,0.999994
-1.27,0.99998
-1.27,0.999988
-1.27,0.999984
-1.27,0.99999
-1.27,0.999988
-1.27,0.999988
-1.27,0.999992
-1.26,0.99999
-1.26,0.999988
-1.26,0.99999
-1.26,0.999992
-1.26,0.999988
-1.26,0.999988
-1.26,0.999998
-1.26,0.99999
-1.26,0.999986
-1.26,0.999992
-1.25,0.999988
-1.25,0.999986
-1.25,0.999994
-1.25,0.999986
-1.25,0.999998
-1.25,0.99999
-1.25,0.999996
-1.25,0.999992
-1.25,0.99999
-1.25,0.999988
-1.24,0.99999
-1.24,0.999984
-1.24,0.99999
-1.24,0.999992
-1.24,0.999984
-1.24,0.999998
-1.24,0.999992
-1.24,0.99999
-1.24,0.999986
-1.24,0.999994
-1.23,0.999986
-1.23,0.999988
-1.23,0.999998
-1.23,0.999992
-1.23,0.99999
-1.23,0.99999
-1.23,0.999976
-1.23,0.999994
-1.23,0.99999
-1.23,0.999996
-1.22,0.999992
-1.22,0.999994
-1.22,0.99999
-1.22,0.999996
-1.22,0.999996
-1.22,0.999988
-1.22,0.999992
-1.22,0.999992
-1.22,0.999994
-1.22,0.999996
-1.21,0.999996
-1.21,0.999978
-1.21,0.99999
-1.21,0.99999
-1.21,0.999998
-1.21,0.999998
-1.21,0.99999
-1.21,0.999996
-1.21,0.99999
-1.21,0.99999
-1.2,0.999992
-1.2,0.999986
-1.2,0.999994
-1.2,0.999986
-1.2,0.999998
-1.2,0.999988
-1.2,0.999994
-1.2,0.999994
-1.2,0.999988
-1.2,0.99999
-1.19,0.99999
-1.19,0.999998
-1.19,0.999988
-1.19,0.999988
-1.19,0.99999
-1.19,0.999988
-1.19,0.999988
-1.19,0.99999
-1.19,0.99999
-1.19,0.999992
-1.18,0.999992
-1.18,0.999988
-1.18,0.999984
-1.18,0.999988
-1.18,0.999992
-1.18,0.999994
-1.18,0.99999
-1.18,0.999992
-1.18,0.99998
-1.18,0.999992
-1.17,0.999994
-1.17,0.999996
-1.17,0.999998
-1.17,0.999998
-1.17,0.99999
-1.17,0.999984
-1.17,0.999994
-1.17,0.99999
-1.17,0.999992
-1.17,0.999986
-1.16,0.99999
-1.16,0.99999
-1.16,0.99999
-1.16,0.999996
-1.16,0.999986
-1.16,0.999994
-1.16,0.999988
-1.16,0.999986
-1.16,0.999988
-1.16,0.99999
-1.15,0.99999
-1.15,0.99999
-1.15,0.999994
-1.15,0.99999
-1.15,0.99999
-1.15,0.999988
-1.15,0.999982
-1.15,0.999992
-1.15,0.999992
-1.15,0.999992
-1.14,0.999986
-1.14,0.999988
-1.14,0.999992
-1.14,0.99998
-1.14,0.999996
-1.14,0.99999
-1.14,0.999994
-1.14,0.99999
-1.14,0.999996
-1.14,0.999992
-1.13,0.999994
-1.13,0.999996
-1.13,0.999988
-1.13,0.999992
-1.13,0.999994
-1.13,0.999994
-1.13,0.999988
-1.13,0.999986
-1.13,0.999988
-1.13,0.999988
-1.12,0.999992
-1.12,0.999992
-1.12,0.999994
-1.12,0.999994
-1.12,0.99999
-1.12,0.999994
-1.12,0.999996
-1.12,0.999988
-1.12,0.99999
-1.12,0.99999
-1.11,0.999994
-1.11,0.99998
-1.11,0.999986
-1.11,0.999994
-1.11,0.999992
-1.11,0.999994
-1.11,0.999986
-1.11,0.999994
-1.11,0.999998
-1.11,0.999994
-1.1,0.999994
-1.1,0.999996
-1.1,0.999992
-1.1,0.999994
-1.1,0.99999
-1.1,0.99999
-1.1,0.999988
-1.1,0.999984
-1.1,0.999988
-1.1,0.999986
-1.09,0.999996
-1.09,0.999994
-1.09,0.999996
-1.09,0.999996
-1.09,0.999988
-1.09,0.999992
-1.09,0.999994
-1.09,0.999996
-1.09,0.99999
-1.09,0.999992
-1.08,0.999988
-1.08,0.99999
-1.08,0.999988
-1.08,0.999988
-1.08,0.999994
-1.08,0.999988
-1.08,0.999988
-1.08,0.999994
-1.08,0.999994
-1.08,0.999996
-1.07,0.999998
-1.07,0.999996
-1.07,0.999982
-1.07,0.999996
-1.07,0.999994
-1.07,0.999996
-1.07,0.999994
-1.07,0.999986
-1.07,0.999992
-1.07,0.999994
-1.06,0.999998
-1.06,0.999996
-1.06,0.999998
-1.06,0.99999
-1.06,0.999994
-1.06,0.999996
-1.06,0.99999
-1.06,0.999992
-1.06,0.999994
-1.06,0.99999
-1.05,0.999996
-1.05,0.999996
-1.05,0.999994
-1.05,0.999994
-1.05,0.999992
-1.05,0.99999
-1.05,0.99999
-1.05,1
-1.05,0.999988
-1.05,0.99999
-1.04,0.99999
-1.04,0.999994
-1.04,0.999994
-1.04,0.999994
-1.04,0.999992
-1.04,0.999994
-1.04,0.99999
-1.04,0.99999
-1.04,0.999996
-1.04,0.99999
-1.03,0.999996
-1.03,0.999996
-1.03,0.999996
-1.03,0.99999
-1.03,0.999994
-1.03,0.999996
-1.03,0.999986
-1.03,0.99999
-1.03,0.999992
-1.03,0.999992
-1.02,0.999996
-1.02,0.999986
-1.02,0.999998
-1.02,0.999992
-1.02,0.99999
-1.02,0.999996
-1.02,0.999988
-1.02,0.999986
-1.02,0.999992
-1.02,0.999996
-1.01,0.999998
-1.01,0.999998
-1.01,0.999996
-1.01,0.999998
-1.01,0.999988
-1.01,0.999994
-1.01,1
-1.01,0.999998
-1.01,0.99999
-1.01,0.999996
-1,0.999984
-1,0.999994
-1,0.999994
-1,0.999994
-1,0.999994
-1,0.999992
-1,0.999994
-1,0.999998
-1,0.999996
-1,0.999996
